path	classification	review_at_b0e79c3e	owner	role	manual_scope	base_blob	head_blob	base_to_head	working_tree	working_sha256	recorded_review	review_evidence	remaining_review
.github/workflows/ci.yml	source-config	inventoried	ci	configuration	first-party	bf9454a476d63fb7d5f1174bf6cb6213889ac50b	bf9454a476d63fb7d5f1174bf6cb6213889ac50b	unchanged	clean	not-applicable	recorded-targeted	docs/frontend-architecture/inventory.md#platform-review-record	complete-file-review-outstanding
.github/workflows/container-publish.yml	source-config	inventoried	ci	configuration	first-party	eed230101952eb7517e666dfd76d50871c43a411	eed230101952eb7517e666dfd76d50871c43a411	unchanged	clean	not-applicable	recorded-targeted	docs/frontend-architecture/inventory.md#platform-review-record	complete-file-review-outstanding
.github/workflows/deep-ci.yml	source-config	inventoried	ci	configuration	first-party	79fdb99eaf29cdb4ded6f6dfc9fe11c22bd82d36	b08c0c11e411f43b75f164dc9930357d609daac1	modified	clean	not-applicable	recorded-targeted	docs/frontend-architecture/inventory.md#platform-review-record	complete-file-review-outstanding
.github/workflows/docker-publish.yml	source-config	inventoried	ci	configuration	first-party	19e8e404c66e8b2c3b3c1d7ed2fee900936ca29e	19e8e404c66e8b2c3b3c1d7ed2fee900936ca29e	unchanged	clean	not-applicable	recorded-full	docs/frontend-architecture/inventory.md#platform-review-record	scope-and-revision-revalidation
.github/workflows/ghcr.yml	source-config	inventoried	ci	configuration	first-party	7f39aef0535e5754abe961cb3d90122bc5bd3b29	7f39aef0535e5754abe961cb3d90122bc5bd3b29	unchanged	clean	not-applicable	recorded-full	docs/frontend-architecture/inventory.md#platform-review-record	scope-and-revision-revalidation
.github/workflows/nightly.yml	source-config	inventoried	ci	configuration	first-party	115b93decf06b22572f1c8f572c36fe321c4eca3	115b93decf06b22572f1c8f572c36fe321c4eca3	unchanged	clean	not-applicable	recorded-full	docs/frontend-architecture/inventory.md#platform-review-record	scope-and-revision-revalidation
.github/workflows/tooling-experiments.yml	source-config	inventoried	ci	configuration	first-party	cdaa20df01215b3f3336ad746f3601214e8e6c1a	cdaa20df01215b3f3336ad746f3601214e8e6c1a	unchanged	clean	not-applicable	recorded-targeted	docs/frontend-architecture/inventory.md#platform-review-record	complete-file-review-outstanding
.mise.toml	integration-config	inventoried	deployment-integration	configuration	first-party	d568eb2aecb26c7e9d45c3b3f5215ad5f282dd0b	d568eb2aecb26c7e9d45c3b3f5215ad5f282dd0b	unchanged	clean	not-applicable	inventory-only	none-reconciled	complete-file-review-outstanding
backend/app/api/v1/documents.py	integration-source	targeted-inspection	backend-integration	configuration	first-party	adea944dad1a0d1e08fd1d69ec7a06e6d610b100	d2a371ff070ff5fddaf9e09fa37c1383f2c03fe8	modified	clean	not-applicable	recorded-targeted	docs/frontend-architecture/review.md#review-coverage	complete-file-review-outstanding
backend/app/api/v1/models.py	integration-source	targeted-inspection	backend-integration	configuration	first-party	dbdbe761e98c17c0d96aa80783d16695d94d6a79	c39c1d2258f18f388d6a8caf0c4037d812da1d29	modified	clean	not-applicable	recorded-targeted	docs/frontend-architecture/review.md#review-coverage	complete-file-review-outstanding
backend/app/api/v1/multipart_models.py	integration-source	targeted-inspection	backend-integration	configuration	first-party	32cfd1c8506701807f8d723aae552e590d356352	c55e8c8255d9dea2751f1604de45a9ca741a1bb9	modified	clean	not-applicable	recorded-targeted	docs/frontend-architecture/review.md#review-coverage	complete-file-review-outstanding
backend/app/bootstrap/work.py	integration-source	targeted-inspection	backend-integration	configuration	first-party	d934e15da38691f237e704caf5041acbae3957ac	d934e15da38691f237e704caf5041acbae3957ac	unchanged	clean	not-applicable	recorded-targeted	docs/frontend-architecture/review.md#review-coverage	complete-file-review-outstanding
backend/app/modules/identity/ws_tickets.py	integration-source	targeted-inspection	backend-integration	configuration	first-party	2a7cbce438ab29ef38d88d71953ab3b30442b4ec	2a7cbce438ab29ef38d88d71953ab3b30442b4ec	unchanged	clean	not-applicable	recorded-targeted	docs/frontend-architecture/review.md#review-coverage	complete-file-review-outstanding
backend/app/modules/work/events.py	integration-source	targeted-inspection	backend-integration	configuration	first-party	1ba722bf6768adfd9f46350508d0df6f6b113eb4	1ba722bf6768adfd9f46350508d0df6f6b113eb4	unchanged	clean	not-applicable	recorded-targeted	docs/frontend-architecture/review.md#review-coverage	complete-file-review-outstanding
backend/unified/.dockerignore	integration-config	inventoried	deployment-integration	configuration	first-party	a1ad23db5dc9651db49f549eb311336587eb3388	a1ad23db5dc9651db49f549eb311336587eb3388	unchanged	clean	not-applicable	inventory-only	none-reconciled	complete-file-review-outstanding
backend/unified/Dockerfile	integration-config	inventoried	deployment-integration	configuration	first-party	2e6d59ecbdc19509b7f2cf8d2b09ebd41f265d0b	2e6d59ecbdc19509b7f2cf8d2b09ebd41f265d0b	unchanged	clean	not-applicable	recorded-full	docs/frontend-architecture/inventory.md#platform-review-record	scope-and-revision-revalidation
backend/unified/nginx.conf	integration-config	inventoried	deployment-integration	configuration	first-party	6a7854422ae97e53903f40a742a8bf58b3f2f92b	6a7854422ae97e53903f40a742a8bf58b3f2f92b	unchanged	clean	not-applicable	recorded-full	docs/frontend-architecture/inventory.md#platform-review-record	scope-and-revision-revalidation
backend/unified/run.sh	integration-config	inventoried	deployment-integration	configuration	first-party	cf1b8df2582067140db2da3df554dce43c4d72e8	cf1b8df2582067140db2da3df554dce43c4d72e8	unchanged	clean	not-applicable	recorded-full	docs/frontend-architecture/inventory.md#platform-review-record	scope-and-revision-revalidation
backend/unified/tests/test-runtime.sh	integration-config	inventoried	deployment-integration	test-support	first-party	fd95a84955b65b2f409777f7e6ad6cba5f5af827	fd95a84955b65b2f409777f7e6ad6cba5f5af827	unchanged	clean	not-applicable	inventory-only	none-reconciled	complete-file-review-outstanding
backend/unified/tests/test_image.py	integration-config	inventoried	deployment-integration	test-support	first-party	0c66786cc72d9ce8d3f66d050100027a05b03118	0c66786cc72d9ce8d3f66d050100027a05b03118	unchanged	clean	not-applicable	inventory-only	none-reconciled	complete-file-review-outstanding
browser-extension/.gitignore	source-config	inventoried	browser-extension	configuration	first-party	8eaaa2c20f89683255ef425857b729174bae4f95	8eaaa2c20f89683255ef425857b729174bae4f95	unchanged	clean	not-applicable	inventory-only	none-reconciled	complete-file-review-outstanding
browser-extension/.oxfmtrc.json	source-config	inventoried	browser-extension	configuration	first-party	e0b9a498ad983804da81fac923702ba3c38771e5	e0b9a498ad983804da81fac923702ba3c38771e5	unchanged	clean	not-applicable	inventory-only	none-reconciled	complete-file-review-outstanding
browser-extension/CHROME-WEB-STORE.md	source-config	inventoried	browser-extension	documentation	first-party	76869a3f310afda2ac01d839d41dd8d81d1d9f37	76869a3f310afda2ac01d839d41dd8d81d1d9f37	unchanged	clean	not-applicable	inventory-only	none-reconciled	complete-file-review-outstanding
browser-extension/README.md	source-config	inventoried	browser-extension	documentation	first-party	3a105fa03c633ed55b3417b87c21c645f98c3dc4	3a105fa03c633ed55b3417b87c21c645f98c3dc4	unchanged	clean	not-applicable	inventory-only	none-reconciled	complete-file-review-outstanding
browser-extension/STORE-VALIDATION.md	source-config	inventoried	browser-extension	documentation	first-party	9a258ed921dbd44e5d92e63ddade3d81e21f13f6	9a258ed921dbd44e5d92e63ddade3d81e21f13f6	unchanged	clean	not-applicable	inventory-only	none-reconciled	complete-file-review-outstanding
browser-extension/browser-provider-adapter.ts	source-config	inventoried	browser-extension	source	first-party	c754fcf0e8c695e83a0c9edc8f146fae59081b6d	c754fcf0e8c695e83a0c9edc8f146fae59081b6d	unchanged	clean	not-applicable	recorded-full	docs/frontend-integration-review.md#manual-inspection-in-this-tranche	scope-and-revision-revalidation
browser-extension/capture-adapter.ts	source-config	inventoried	browser-extension	source	first-party	d402c0ad2e13aaf0d51b3351d320d6870f185d92	d402c0ad2e13aaf0d51b3351d320d6870f185d92	unchanged	clean	not-applicable	recorded-full	docs/frontend-integration-review.md#manual-inspection-in-this-tranche	scope-and-revision-revalidation
browser-extension/capture-operation.ts	source-config	not-in-historical-ledger	browser-extension	source	first-party	absent	6d1328c1e5f1981245e8fdacf5698d272ffa4fdf	added	clean	not-applicable	inventory-only	none-reconciled	complete-file-review-outstanding
browser-extension/capture-routing.ts	source-config	inventoried	browser-extension	source	first-party	253ea52e34e279c5df8cf44fe41b56b319d52eff	253ea52e34e279c5df8cf44fe41b56b319d52eff	unchanged	clean	not-applicable	recorded-full	docs/frontend-integration-review.md#manual-inspection-in-this-tranche	scope-and-revision-revalidation
browser-extension/capture-transport.ts	source-config	inventoried	browser-extension	source	first-party	9efa52045911e07965ddda6a88cf6eaf2a4cc348	278936a15b4c75bce31516bf5e5eb5442631fa10	modified	clean	not-applicable	recorded-full	docs/frontend-integration-review.md#manual-inspection-in-this-tranche	scope-and-revision-revalidation
browser-extension/core.ts	source-config	inventoried	browser-extension	source	first-party	00da7272e37e89e67281999c4c3f0f20bc5f35e0	68af5e50cca1b1b56b49af74e009b56cb16a318f	modified	clean	not-applicable	recorded-full	docs/frontend-integration-review.md#manual-inspection-in-this-tranche	scope-and-revision-revalidation
browser-extension/entrypoints/help/index.html	source-config	inventoried	browser-extension	source	first-party	530352f4d5e7ce2c6695eeaa3f34bd9b2609845a	530352f4d5e7ce2c6695eeaa3f34bd9b2609845a	unchanged	clean	not-applicable	inventory-only	none-reconciled	complete-file-review-outstanding
browser-extension/entrypoints/help/main.ts	source-config	inventoried	browser-extension	source	first-party	4a4de4ad9b5b810692b6d2ba09f2a09b9a3da41a	4a4de4ad9b5b810692b6d2ba09f2a09b9a3da41a	unchanged	clean	not-applicable	inventory-only	none-reconciled	complete-file-review-outstanding
browser-extension/entrypoints/help/style.css	source-config	inventoried	browser-extension	source	first-party	1c4258a336fc545c84fe19f0cbcfa17699614443	1c4258a336fc545c84fe19f0cbcfa17699614443	unchanged	clean	not-applicable	inventory-only	none-reconciled	complete-file-review-outstanding
browser-extension/entrypoints/popup/index.html	source-config	inventoried	browser-extension	source	first-party	7fac98ce0375cfa901da50e76271cf0b9b18b419	7fac98ce0375cfa901da50e76271cf0b9b18b419	unchanged	clean	not-applicable	inventory-only	none-reconciled	complete-file-review-outstanding
browser-extension/entrypoints/popup/main.ts	source-config	inventoried	browser-extension	source	first-party	63170ee2b79d120598484ddb1f46b92a2d334a28	63170ee2b79d120598484ddb1f46b92a2d334a28	unchanged	clean	not-applicable	recorded-targeted	docs/frontend-integration-review.md#manual-inspection-in-this-tranche	complete-file-review-outstanding
browser-extension/icon-128.png	asset	inventoried	browser-extension	source	first-party	9ece7b2fa18b0c95cfb7385c5de8ce0c47d4ec1e	9ece7b2fa18b0c95cfb7385c5de8ce0c47d4ec1e	unchanged	clean	not-applicable	inventory-only	none-reconciled	complete-file-review-outstanding
browser-extension/icon-16.png	asset	inventoried	browser-extension	source	first-party	26a747b5250fe1f7ebcc1e1d7885262ce8bd8f1c	26a747b5250fe1f7ebcc1e1d7885262ce8bd8f1c	unchanged	clean	not-applicable	inventory-only	none-reconciled	complete-file-review-outstanding
browser-extension/icon-32.png	asset	inventoried	browser-extension	source	first-party	5f7e47c9486fe5bd6393a8c291920c7a6e91c22a	5f7e47c9486fe5bd6393a8c291920c7a6e91c22a	unchanged	clean	not-applicable	inventory-only	none-reconciled	complete-file-review-outstanding
browser-extension/icon-48.png	asset	inventoried	browser-extension	source	first-party	4d894b52c9b796a251646185c8e4c82ae3791ec5	4d894b52c9b796a251646185c8e4c82ae3791ec5	unchanged	clean	not-applicable	inventory-only	none-reconciled	complete-file-review-outstanding
browser-extension/icon.svg	source-config	inventoried	browser-extension	source	first-party	c3b9ab0965c4c3237fa7e4839931034a4969d4d1	c3b9ab0965c4c3237fa7e4839931034a4969d4d1	unchanged	clean	not-applicable	inventory-only	none-reconciled	complete-file-review-outstanding
browser-extension/makerworld-capture.ts	source-config	inventoried	browser-extension	source	first-party	464e8bda26d708478f6ffb098176a0b811c04851	464e8bda26d708478f6ffb098176a0b811c04851	unchanged	clean	not-applicable	inventory-only	none-reconciled	complete-file-review-outstanding
browser-extension/package.json	source-config	targeted-inspection	browser-extension	package-manifest	first-party	36b6bb8770fc3cb75b29f92f3c12f2419e1fc980	36b6bb8770fc3cb75b29f92f3c12f2419e1fc980	unchanged	clean	not-applicable	recorded-full	docs/frontend-architecture/inventory.md#platform-review-record;docs/frontend-architecture/review.md#review-coverage	scope-and-revision-revalidation
browser-extension/pnpm-lock.yaml	generated-or-lock	metadata-only	browser-extension	lockfile	metadata-only	63ba55e6fd25de9106344308f483273553e9daf9	63ba55e6fd25de9106344308f483273553e9daf9	unchanged	clean	not-applicable	metadata-only	none-reconciled	provenance-only
browser-extension/popup.css	source-config	inventoried	browser-extension	source	first-party	b3e698bed16580805abdf1049de5685d089901e3	b3e698bed16580805abdf1049de5685d089901e3	unchanged	clean	not-applicable	inventory-only	none-reconciled	complete-file-review-outstanding
browser-extension/popup.ts	source-config	inventoried	browser-extension	source	first-party	c966ef8fd008c6751f238cce6f58d336666e4540	ca48fd0ad8b5bc7f2206a7c8bd61e080dd1f51d7	modified	clean	not-applicable	inventory-only	none-reconciled	complete-file-review-outstanding
browser-extension/printables-capture.ts	source-config	inventoried	browser-extension	source	first-party	b18ba8acab0b45830f8080788881054b46a3edfd	b18ba8acab0b45830f8080788881054b46a3edfd	unchanged	clean	not-applicable	inventory-only	none-reconciled	complete-file-review-outstanding
browser-extension/status-presentation.ts	source-config	inventoried	browser-extension	source	first-party	c6378906659514b4c8f9db3da363c217bac232f6	c6378906659514b4c8f9db3da363c217bac232f6	unchanged	clean	not-applicable	recorded-full	docs/frontend-integration-review.md#manual-inspection-in-this-tranche	scope-and-revision-revalidation
browser-extension/styles.d.ts	source-config	inventoried	browser-extension	source	first-party	ef6d741f62257373cf2eb878f2dcdd0a4cdfc782	ef6d741f62257373cf2eb878f2dcdd0a4cdfc782	unchanged	clean	not-applicable	inventory-only	none-reconciled	complete-file-review-outstanding
browser-extension/tests/browser-provider-adapter.test.ts	test-support	inventoried	browser-extension	test	first-party	36e84721165b006c1be73c52216a9a8e1b522f72	36e84721165b006c1be73c52216a9a8e1b522f72	unchanged	clean	not-applicable	inventory-only	none-reconciled	complete-file-review-outstanding
browser-extension/tests/capture-adapter.test.ts	test-support	inventoried	browser-extension	test	first-party	3160f1757078e65e081d836315b1c9c60149daac	3160f1757078e65e081d836315b1c9c60149daac	unchanged	clean	not-applicable	inventory-only	none-reconciled	complete-file-review-outstanding
browser-extension/tests/capture-routing.test.ts	test-support	inventoried	browser-extension	test	first-party	31de9c0b2ed80655ee58c6e0beadc809e428a281	31de9c0b2ed80655ee58c6e0beadc809e428a281	unchanged	clean	not-applicable	inventory-only	none-reconciled	complete-file-review-outstanding
browser-extension/tests/capture-transport.local.test.ts	test-support	inventoried	browser-extension	test	first-party	cf38126004b2795ffd165d3360b0264bace478e7	cf38126004b2795ffd165d3360b0264bace478e7	unchanged	clean	not-applicable	inventory-only	none-reconciled	complete-file-review-outstanding
browser-extension/tests/capture-transport.test.ts	test-support	inventoried	browser-extension	test	first-party	add4ddfd779d1ca5930c211b803bcc92f0186f46	09b0825ecc8506da4aa250e0816a66ff0a795d9f	modified	clean	not-applicable	inventory-only	none-reconciled	complete-file-review-outstanding
browser-extension/tests/chrome-extension.test.ts	test-support	not-in-historical-ledger	browser-extension	test	first-party	absent	5de2b7449e369eee02f80f42bae4b2149375c5d8	added	clean	not-applicable	inventory-only	none-reconciled	complete-file-review-outstanding
browser-extension/tests/ci/real-backend-capture.test.ts	test-support	inventoried	browser-extension	test	first-party	319ffd222c1e0fc009c3d5ac35d29e1c8312c81a	cae67ef0c5031f2399183db3890f1c09a10ec4d9	modified	clean	not-applicable	inventory-only	none-reconciled	complete-file-review-outstanding
browser-extension/tests/core.test.ts	test-support	inventoried	browser-extension	test	first-party	a8c8de7342afb543e9b28d88c762b527709098aa	dfacd5818caf7fcb1c24f80f1badf7e1511a2f9c	modified	clean	not-applicable	inventory-only	none-reconciled	complete-file-review-outstanding
browser-extension/tests/e2e/_chrome_extension.ts	test-support	inventoried	browser-extension	test-support	first-party	dc35de11a4f5db20c57de16573671cd49dd22489	23577158cd2e3a6f059d7cc213a9bc55d1a7909a	modified	clean	not-applicable	inventory-only	none-reconciled	complete-file-review-outstanding
browser-extension/tests/e2e/live-providers.e2e.ts	test-support	inventoried	browser-extension	test-support	first-party	611d0bfca9a7de148d549315daf6709957a5bb97	611d0bfca9a7de148d549315daf6709957a5bb97	unchanged	clean	not-applicable	inventory-only	none-reconciled	complete-file-review-outstanding
browser-extension/tests/e2e/loaded-extension.e2e.ts	test-support	inventoried	browser-extension	test-support	first-party	549d367a138369ee7dc1fc6f44b9714e16b6bb34	ea605791fafc58383ef0145a41888f7a88fd0bf0	modified	clean	not-applicable	inventory-only	none-reconciled	complete-file-review-outstanding
browser-extension/tests/makerworld-capture.test.ts	test-support	inventoried	browser-extension	test	first-party	d9374d0258aa8bff72ff82cb21cadd5f503689e8	d9374d0258aa8bff72ff82cb21cadd5f503689e8	unchanged	clean	not-applicable	inventory-only	none-reconciled	complete-file-review-outstanding
browser-extension/tests/manifest.test.ts	test-support	inventoried	browser-extension	test	first-party	781bce986c521967ec74f0ba8202cc2208d4361d	781bce986c521967ec74f0ba8202cc2208d4361d	unchanged	clean	not-applicable	inventory-only	none-reconciled	complete-file-review-outstanding
browser-extension/tests/popup.test.ts	test-support	inventoried	browser-extension	test	first-party	0a4c765d006f27734299030f56f1a2217c62c53c	0445b0d8459f790da4f12c799a1691b8c64f870b	modified	clean	not-applicable	inventory-only	none-reconciled	complete-file-review-outstanding
browser-extension/tests/printables-capture.test.ts	test-support	inventoried	browser-extension	test	first-party	e280e15e0a77fe8397c300373ac139caac516571	e280e15e0a77fe8397c300373ac139caac516571	unchanged	clean	not-applicable	inventory-only	none-reconciled	complete-file-review-outstanding
browser-extension/tests/status-presentation.test.ts	test-support	inventoried	browser-extension	test	first-party	ac96590245cdffeebe722f167f6247b123141016	ac96590245cdffeebe722f167f6247b123141016	unchanged	clean	not-applicable	inventory-only	none-reconciled	complete-file-review-outstanding
browser-extension/tests/store/package.store.ts	test-support	inventoried	browser-extension	test-support	first-party	c33bfb27d3c770999c5f77828ced24eab8c2fa00	c33bfb27d3c770999c5f77828ced24eab8c2fa00	unchanged	clean	not-applicable	inventory-only	none-reconciled	complete-file-review-outstanding
browser-extension/tests/thingiverse-capture.test.ts	test-support	inventoried	browser-extension	test	first-party	34db5d53a22650e02d490a03422ddaf024bc585c	34db5d53a22650e02d490a03422ddaf024bc585c	unchanged	clean	not-applicable	inventory-only	none-reconciled	complete-file-review-outstanding
browser-extension/thingiverse-capture.ts	source-config	inventoried	browser-extension	source	first-party	ca2bb842cfd894f7429b5ea1d0047228e5469aea	ca2bb842cfd894f7429b5ea1d0047228e5469aea	unchanged	clean	not-applicable	inventory-only	none-reconciled	complete-file-review-outstanding
browser-extension/tsconfig.json	source-config	inventoried	browser-extension	configuration	first-party	4e84ddd937efc1cf4d6e3c55e3791c2f1b1fe207	4e84ddd937efc1cf4d6e3c55e3791c2f1b1fe207	unchanged	clean	not-applicable	inventory-only	none-reconciled	complete-file-review-outstanding
browser-extension/vitest.config.ts	source-config	inventoried	browser-extension	configuration	first-party	ec33dc593ca66b0aebbaf21281c941b1a05c98dd	ec33dc593ca66b0aebbaf21281c941b1a05c98dd	unchanged	clean	not-applicable	recorded-full	docs/frontend-architecture/inventory.md#platform-review-record	scope-and-revision-revalidation
browser-extension/vitest.real-backend.config.ts	source-config	inventoried	browser-extension	configuration	first-party	c7511a42d081649b5cfd6f9743add33dddb6e955	c7511a42d081649b5cfd6f9743add33dddb6e955	unchanged	clean	not-applicable	recorded-full	docs/frontend-architecture/inventory.md#platform-review-record	scope-and-revision-revalidation
browser-extension/vitest.store.config.ts	source-config	inventoried	browser-extension	configuration	first-party	5a1dbd755f8ee85d56590b931e3cc455381447b0	5a1dbd755f8ee85d56590b931e3cc455381447b0	unchanged	clean	not-applicable	recorded-full	docs/frontend-architecture/inventory.md#platform-review-record	scope-and-revision-revalidation
browser-extension/wdio.conf.ts	source-config	inventoried	browser-extension	source	first-party	a6d3ebcb2b879047b808f2ca39d36c25aca4c23b	19de28e6fb252370ff2b5a8d022c03902bfb7696	modified	clean	not-applicable	recorded-full	docs/frontend-architecture/inventory.md#platform-review-record	scope-and-revision-revalidation
browser-extension/wxt.config.ts	source-config	targeted-inspection	browser-extension	configuration	first-party	48616d36dda1a0dcc3e4e060aba7ab79cc0e13e4	48616d36dda1a0dcc3e4e060aba7ab79cc0e13e4	unchanged	clean	not-applicable	recorded-full	docs/frontend-architecture/inventory.md#platform-review-record;docs/frontend-architecture/review.md#review-coverage	scope-and-revision-revalidation
catalogues/casaos/PrintStash/docker-compose.yml	integration-config	inventoried	deployment-integration	configuration	first-party	e66a72bd1a66badda391c02544aeda539af89ae1	e66a72bd1a66badda391c02544aeda539af89ae1	unchanged	clean	not-applicable	inventory-only	none-reconciled	complete-file-review-outstanding
catalogues/runtipi/printstash/docker-compose.yml	integration-config	inventoried	deployment-integration	configuration	first-party	79332aaca866b7a18220d40ef14fc411e9a74537	79332aaca866b7a18220d40ef14fc411e9a74537	unchanged	clean	not-applicable	inventory-only	none-reconciled	complete-file-review-outstanding
catalogues/umbrel/printstash/docker-compose.yml	integration-config	inventoried	deployment-integration	configuration	first-party	1b0de0d11e28ba001c4ffbe207b67c262af09489	1b0de0d11e28ba001c4ffbe207b67c262af09489	unchanged	clean	not-applicable	inventory-only	none-reconciled	complete-file-review-outstanding
deploy/manual-testing/compose.yml	integration-config	inventoried	deployment-integration	configuration	first-party	bc0c1b91a54615643ef2a4e80faa26f0ea8ad1dd	bc0c1b91a54615643ef2a4e80faa26f0ea8ad1dd	unchanged	clean	not-applicable	inventory-only	none-reconciled	complete-file-review-outstanding
deploy/minio-migration/compose.yml	integration-config	inventoried	deployment-integration	configuration	first-party	9bb68f34bc841fa7533a1e0175fa460e1816ee43	9bb68f34bc841fa7533a1e0175fa460e1816ee43	unchanged	clean	not-applicable	inventory-only	none-reconciled	complete-file-review-outstanding
docker-bake.hcl	source-config	not-in-historical-ledger	deployment-integration	configuration	first-party	f03fba3f6067f5ac2301b3a3f4f1c04a926d2136	f03fba3f6067f5ac2301b3a3f4f1c04a926d2136	unchanged	clean	not-applicable	recorded-full	docs/frontend-architecture/inventory.md#platform-review-record	scope-and-revision-revalidation
docker-compose.yml	source-config	inventoried	deployment-integration	configuration	first-party	b4e1417843f42c5cca9b7489e0b5befe9fd2789f	b4e1417843f42c5cca9b7489e0b5befe9fd2789f	unchanged	clean	not-applicable	recorded-full	docs/frontend-architecture/inventory.md#platform-review-record	scope-and-revision-revalidation
frontend/.dockerignore	source-config	inventoried	frontend-app	configuration	first-party	c8fc9dcd77c77b067dd2925833f3ea3d94b67da2	c8fc9dcd77c77b067dd2925833f3ea3d94b67da2	unchanged	clean	not-applicable	inventory-only	none-reconciled	complete-file-review-outstanding
frontend/.nvmrc	source-config	inventoried	frontend-app	configuration	first-party	a45fd52cc5891570d6299fab38643103c3955474	a45fd52cc5891570d6299fab38643103c3955474	unchanged	clean	not-applicable	inventory-only	none-reconciled	complete-file-review-outstanding
frontend/.oxfmtrc.json	source-config	inventoried	frontend-app	configuration	first-party	e1e63145a5e7759ce9ab4ab717f7f7f3ff40577f	e1e63145a5e7759ce9ab4ab717f7f7f3ff40577f	unchanged	clean	not-applicable	recorded-full	docs/frontend-state-validation.md#exact-additional-manual-sourcetestconfig-ledger;docs/frontend-state-validation.md	scope-and-revision-revalidation
frontend/.oxlintrc.json	source-config	inventoried	frontend-app	configuration	first-party	b3e3026c98e8a96a534ea92d7f5f518067e31970	b3e3026c98e8a96a534ea92d7f5f518067e31970	unchanged	clean	not-applicable	recorded-full	docs/frontend-state-validation.md#exact-additional-manual-sourcetestconfig-ledger;docs/frontend-state-validation.md	scope-and-revision-revalidation
frontend/Dockerfile	source-config	inventoried	frontend-app	configuration	first-party	183d414d469ef80c93372146020754652de7c302	183d414d469ef80c93372146020754652de7c302	unchanged	clean	not-applicable	recorded-full	docs/frontend-architecture/inventory.md#platform-review-record	scope-and-revision-revalidation
frontend/components.json	source-config	inventoried	frontend-app	source	first-party	4e785f897ab7bc7b1eb91246c76f130c27143719	4e785f897ab7bc7b1eb91246c76f130c27143719	unchanged	clean	not-applicable	inventory-only	none-reconciled	complete-file-review-outstanding
frontend/index.html	source-config	inventoried	frontend-app	source	first-party	ebe4399cd57b05926012b45c43e87e040ba5a2ba	ebe4399cd57b05926012b45c43e87e040ba5a2ba	unchanged	clean	not-applicable	recorded-full	docs/frontend-state-validation.md#exact-additional-manual-sourcetestconfig-ledger;docs/frontend-state-validation.md	scope-and-revision-revalidation
frontend/nginx.conf	source-config	targeted-inspection	frontend-app	configuration	first-party	14b4f1acc66723d5bfaac25e4aa7e5c9375104ee	14b4f1acc66723d5bfaac25e4aa7e5c9375104ee	unchanged	clean	not-applicable	recorded-full	docs/frontend-architecture/inventory.md#platform-review-record;docs/frontend-architecture/review.md#review-coverage	scope-and-revision-revalidation
frontend/package.json	source-config	targeted-inspection	frontend-app	package-manifest	first-party	915894fec9c6dfdd1873443a8c08cfc52bb0a529	915894fec9c6dfdd1873443a8c08cfc52bb0a529	unchanged	clean	not-applicable	recorded-full	docs/frontend-architecture/inventory.md#platform-review-record;docs/frontend-architecture/review.md#review-coverage	scope-and-revision-revalidation
frontend/packages/domain/package.json	source-config	targeted-inspection	frontend/packages/domain	package-manifest	first-party	e7961b0103a47ba385aafd8af8c4fac05bc6ed77	e7961b0103a47ba385aafd8af8c4fac05bc6ed77	unchanged	clean	not-applicable	recorded-full	docs/frontend-state-validation.md#m0-package-ledger-closure-after-lazy-checkpoint;docs/frontend-state-validation.md;docs/frontend-architecture/inventory.md#platform-review-record;docs/frontend-architecture/review.md#review-coverage	scope-and-revision-revalidation
frontend/packages/domain/src/__tests__/card-metrics.test.ts	test-support	inventoried	frontend/packages/domain	test	first-party	054bb9dff40969e9b654567813929767409c270e	7c905a777ab68d69244f97961d6bac75f41013ea	modified	clean	not-applicable	recorded-full	docs/frontend-state-validation.md#m0-package-ledger-closure-after-lazy-checkpoint;docs/frontend-state-validation.md	scope-and-revision-revalidation
frontend/packages/domain/src/__tests__/currency.test.ts	test-support	inventoried	frontend/packages/domain	test	first-party	47ce3a2944c4426d06e3678ddf543681d46b962c	47ce3a2944c4426d06e3678ddf543681d46b962c	unchanged	clean	not-applicable	recorded-full	docs/frontend-state-validation.md#m0-package-ledger-closure-after-lazy-checkpoint	scope-and-revision-revalidation
frontend/packages/domain/src/__tests__/format.test.ts	test-support	inventoried	frontend/packages/domain	test	first-party	8d51863c3f4ad7c6914876a3c4781b15184604f8	8d51863c3f4ad7c6914876a3c4781b15184604f8	unchanged	clean	not-applicable	recorded-full	docs/frontend-state-validation.md#m0-package-ledger-closure-after-lazy-checkpoint	scope-and-revision-revalidation
frontend/packages/domain/src/__tests__/last-collection.test.ts	test-support	inventoried	frontend/packages/domain	test	first-party	c94d49a60859c0880bf2c963ca9b44eee059114e	c94d49a60859c0880bf2c963ca9b44eee059114e	unchanged	clean	not-applicable	recorded-full	docs/frontend-state-validation.md#m0-package-ledger-closure-after-lazy-checkpoint	scope-and-revision-revalidation
frontend/packages/domain/src/__tests__/metadata-preferences.test.ts	test-support	inventoried	frontend/packages/domain	test	first-party	a0145be2b1a5846a31ca15e87e206f060867991f	862de6c670f25d7433ac8b895edb4d0213e830c7	modified	clean	not-applicable	recorded-full	docs/frontend-state-validation.md#m0-package-ledger-closure-after-lazy-checkpoint;docs/frontend-state-validation.md	scope-and-revision-revalidation
frontend/packages/domain/src/__tests__/provenance.test.ts	test-support	inventoried	frontend/packages/domain	test	first-party	329a0f1627aa7dc892a6a6233fd0f33dd94295d3	329a0f1627aa7dc892a6a6233fd0f33dd94295d3	unchanged	clean	not-applicable	recorded-full	docs/frontend-state-validation.md#m0-package-ledger-closure-after-lazy-checkpoint	scope-and-revision-revalidation
frontend/packages/domain/src/card-metrics.ts	source-config	inventoried	frontend/packages/domain	source	first-party	c57c2ab9501f8f2a18e313f23dad252aef0957ed	3ece7d32d9f92677d5e850608b0c5fe21f6bb0c2	modified	clean	not-applicable	recorded-full	docs/frontend-state-validation.md#m0-package-ledger-closure-after-lazy-checkpoint;docs/frontend-state-validation.md	scope-and-revision-revalidation
frontend/packages/domain/src/currency.ts	source-config	inventoried	frontend/packages/domain	source	first-party	e04e48d562a1636efff2fa269b4e4b6b0e132ea6	e04e48d562a1636efff2fa269b4e4b6b0e132ea6	unchanged	clean	not-applicable	recorded-full	docs/frontend-state-validation.md#m0-package-ledger-closure-after-lazy-checkpoint;docs/frontend-state-validation.md	scope-and-revision-revalidation
frontend/packages/domain/src/format.ts	source-config	inventoried	frontend/packages/domain	source	first-party	f61ba825690edcd919b189c81f382251742ef24b	f61ba825690edcd919b189c81f382251742ef24b	unchanged	clean	not-applicable	recorded-full	docs/frontend-state-validation.md#m0-package-ledger-closure-after-lazy-checkpoint;docs/frontend-state-validation.md	scope-and-revision-revalidation
frontend/packages/domain/src/index.ts	source-config	inventoried	frontend/packages/domain	source	first-party	3d4d0a31f0896d9f699357b8e739ba866c5312b1	3d4d0a31f0896d9f699357b8e739ba866c5312b1	unchanged	clean	not-applicable	recorded-full	docs/frontend-state-validation.md#m0-package-ledger-closure-after-lazy-checkpoint;docs/frontend-state-validation.md	scope-and-revision-revalidation
frontend/packages/domain/src/last-collection.ts	source-config	inventoried	frontend/packages/domain	source	first-party	b0e816334e6c65fa8754f43ab08c39a4e62df1f0	b0e816334e6c65fa8754f43ab08c39a4e62df1f0	unchanged	clean	not-applicable	recorded-full	docs/frontend-state-validation.md#m0-package-ledger-closure-after-lazy-checkpoint;docs/frontend-state-validation.md	scope-and-revision-revalidation
frontend/packages/domain/src/metadata-preferences.ts	source-config	inventoried	frontend/packages/domain	source	first-party	bd5b17111a2e0198b4c422fabb44acdc2b6cb006	b2de83967d6ac74c79acb17c95e943e3fbb51b78	modified	clean	not-applicable	recorded-full	docs/frontend-state-validation.md#m0-package-ledger-closure-after-lazy-checkpoint;docs/frontend-state-validation.md	scope-and-revision-revalidation
frontend/packages/domain/src/provenance.ts	source-config	inventoried	frontend/packages/domain	source	first-party	0be99858c7c0158e18873f823804fb6d62d1502e	0be99858c7c0158e18873f823804fb6d62d1502e	unchanged	clean	not-applicable	recorded-full	docs/frontend-state-validation.md#m0-package-ledger-closure-after-lazy-checkpoint;docs/frontend-state-validation.md	scope-and-revision-revalidation
frontend/packages/domain/tsconfig.json	source-config	inventoried	frontend/packages/domain	configuration	first-party	58f4fa4ac2841c8516be41c86a1d6c51e748cfb2	58f4fa4ac2841c8516be41c86a1d6c51e748cfb2	unchanged	clean	not-applicable	recorded-full	docs/frontend-state-validation.md#m0-package-ledger-closure-after-lazy-checkpoint;docs/frontend-state-validation.md;docs/frontend-architecture/inventory.md#platform-review-record	scope-and-revision-revalidation
frontend/packages/domain/vitest.config.ts	source-config	inventoried	frontend/packages/domain	configuration	first-party	71b2df0b81ff6143ac88a90b9de539103e480421	71b2df0b81ff6143ac88a90b9de539103e480421	unchanged	clean	not-applicable	recorded-full	docs/frontend-state-validation.md#m0-package-ledger-closure-after-lazy-checkpoint;docs/frontend-state-validation.md;docs/frontend-architecture/inventory.md#platform-review-record	scope-and-revision-revalidation
frontend/packages/domain/vitest.setup.ts	source-config	inventoried	frontend/packages/domain	test-support	first-party	c5d4c0746f925ba053eed76f6a38539f798b2241	c5d4c0746f925ba053eed76f6a38539f798b2241	unchanged	clean	not-applicable	recorded-full	docs/frontend-state-validation.md#m0-package-ledger-closure-after-lazy-checkpoint;docs/frontend-state-validation.md	scope-and-revision-revalidation
frontend/packages/ui/package.json	source-config	targeted-inspection	frontend/packages/ui	package-manifest	first-party	35abdf7d7cd7a9ad7e76fa0d81d6f6e5fb19d873	35abdf7d7cd7a9ad7e76fa0d81d6f6e5fb19d873	unchanged	clean	not-applicable	recorded-full	docs/frontend-state-validation.md#m0-package-ledger-closure-after-lazy-checkpoint;docs/frontend-state-validation.md;docs/frontend-architecture/inventory.md#platform-review-record;docs/frontend-architecture/review.md#review-coverage	scope-and-revision-revalidation
frontend/packages/ui/src/__tests__/index.test.tsx	test-support	inventoried	frontend/packages/ui	test	first-party	755e7753612d810991b27d67a1cdb72dcdd60eb0	755e7753612d810991b27d67a1cdb72dcdd60eb0	unchanged	clean	not-applicable	recorded-full	docs/frontend-state-validation.md#m0-package-ledger-closure-after-lazy-checkpoint	scope-and-revision-revalidation
frontend/packages/ui/src/components/__tests__/badge.test.tsx	test-support	inventoried	frontend/packages/ui	test	first-party	a8639ab7684540b04755e0a4b7d9da712efca6c3	a8639ab7684540b04755e0a4b7d9da712efca6c3	unchanged	clean	not-applicable	recorded-full	docs/frontend-state-validation.md#m0-package-ledger-closure-after-lazy-checkpoint	scope-and-revision-revalidation
frontend/packages/ui/src/components/__tests__/button.test.tsx	test-support	inventoried	frontend/packages/ui	test	first-party	b8ebb3e2489ffbc7d16dd3edc627f76eeed1680e	b8ebb3e2489ffbc7d16dd3edc627f76eeed1680e	unchanged	clean	not-applicable	recorded-full	docs/frontend-state-validation.md#m0-package-ledger-closure-after-lazy-checkpoint	scope-and-revision-revalidation
frontend/packages/ui/src/components/__tests__/card.test.tsx	test-support	inventoried	frontend/packages/ui	test	first-party	69d32ffc428cfaedbb4afb03adf8ee0af8326979	69d32ffc428cfaedbb4afb03adf8ee0af8326979	unchanged	clean	not-applicable	recorded-full	docs/frontend-state-validation.md#m0-package-ledger-closure-after-lazy-checkpoint	scope-and-revision-revalidation
frontend/packages/ui/src/components/__tests__/checkbox.test.tsx	test-support	inventoried	frontend/packages/ui	test	first-party	4c82b97bf04a2f582b3103e66d7de4130313eac1	4c82b97bf04a2f582b3103e66d7de4130313eac1	unchanged	clean	not-applicable	recorded-full	docs/frontend-state-validation.md#m0-package-ledger-closure-after-lazy-checkpoint	scope-and-revision-revalidation
frontend/packages/ui/src/components/__tests__/confirm-modal.test.tsx	test-support	inventoried	frontend/packages/ui	test	first-party	30f5e08f054900b20cd0b0abf72d8d6d188bbd94	30f5e08f054900b20cd0b0abf72d8d6d188bbd94	unchanged	clean	not-applicable	recorded-full	docs/frontend-state-validation.md#m0-package-ledger-closure-after-lazy-checkpoint	scope-and-revision-revalidation
frontend/packages/ui/src/components/__tests__/drawer.test.tsx	test-support	inventoried	frontend/packages/ui	test	first-party	433f00df50d9489304ebbfee2e6d4fc589747b35	433f00df50d9489304ebbfee2e6d4fc589747b35	unchanged	clean	not-applicable	recorded-full	docs/frontend-state-validation.md#m0-package-ledger-closure-after-lazy-checkpoint	scope-and-revision-revalidation
frontend/packages/ui/src/components/__tests__/dropdown-menu.test.tsx	test-support	inventoried	frontend/packages/ui	test	first-party	1301adb84d8c17efad18083265f26d01e835a05c	1301adb84d8c17efad18083265f26d01e835a05c	unchanged	clean	not-applicable	recorded-full	docs/frontend-state-validation.md#m0-package-ledger-closure-after-lazy-checkpoint	scope-and-revision-revalidation
frontend/packages/ui/src/components/__tests__/empty-state.test.tsx	test-support	inventoried	frontend/packages/ui	test	first-party	d31dbec0084bb81a460b36e0e4e91acf03bbb6c8	d31dbec0084bb81a460b36e0e4e91acf03bbb6c8	unchanged	clean	not-applicable	recorded-full	docs/frontend-state-validation.md#m0-package-ledger-closure-after-lazy-checkpoint	scope-and-revision-revalidation
frontend/packages/ui/src/components/__tests__/input.test.tsx	test-support	inventoried	frontend/packages/ui	test	first-party	b94419f321464907c3529542174fe6cc65428bbd	b94419f321464907c3529542174fe6cc65428bbd	unchanged	clean	not-applicable	recorded-full	docs/frontend-state-validation.md#m0-package-ledger-closure-after-lazy-checkpoint	scope-and-revision-revalidation
frontend/packages/ui/src/components/__tests__/modal.test.tsx	test-support	inventoried	frontend/packages/ui	test	first-party	63736c9dbe0e1591d34ff5f8ac690c70353267d5	63736c9dbe0e1591d34ff5f8ac690c70353267d5	unchanged	clean	not-applicable	recorded-full	docs/frontend-state-validation.md#m0-package-ledger-closure-after-lazy-checkpoint	scope-and-revision-revalidation
frontend/packages/ui/src/components/__tests__/page-container.test.tsx	test-support	inventoried	frontend/packages/ui	test	first-party	8b6441e76e6ccc2608e81352b2ca8a47b3a69d34	8b6441e76e6ccc2608e81352b2ca8a47b3a69d34	unchanged	clean	not-applicable	recorded-full	docs/frontend-state-validation.md#m0-package-ledger-closure-after-lazy-checkpoint	scope-and-revision-revalidation
frontend/packages/ui/src/components/__tests__/page-header.test.tsx	test-support	inventoried	frontend/packages/ui	test	first-party	e43f5e31bcf9b0603d42f1eec91d01f155cf6ab7	e43f5e31bcf9b0603d42f1eec91d01f155cf6ab7	unchanged	clean	not-applicable	recorded-full	docs/frontend-state-validation.md#m0-package-ledger-closure-after-lazy-checkpoint	scope-and-revision-revalidation
frontend/packages/ui/src/components/__tests__/separator.test.tsx	test-support	inventoried	frontend/packages/ui	test	first-party	bf7d439f8201fcad9b23179229e4168e26d3f1dc	bf7d439f8201fcad9b23179229e4168e26d3f1dc	unchanged	clean	not-applicable	recorded-full	docs/frontend-state-validation.md#m0-package-ledger-closure-after-lazy-checkpoint	scope-and-revision-revalidation
frontend/packages/ui/src/components/__tests__/skeleton.test.tsx	test-support	inventoried	frontend/packages/ui	test	first-party	8eef9325fd7c9139091896090f0456f2b88d54ab	8eef9325fd7c9139091896090f0456f2b88d54ab	unchanged	clean	not-applicable	recorded-full	docs/frontend-state-validation.md#m0-package-ledger-closure-after-lazy-checkpoint	scope-and-revision-revalidation
frontend/packages/ui/src/components/__tests__/spinner.test.tsx	test-support	inventoried	frontend/packages/ui	test	first-party	1eb981173be34e9f683e50d4cb95a24c2e655dba	1eb981173be34e9f683e50d4cb95a24c2e655dba	unchanged	clean	not-applicable	recorded-full	docs/frontend-state-validation.md#m0-package-ledger-closure-after-lazy-checkpoint	scope-and-revision-revalidation
frontend/packages/ui/src/components/__tests__/tabs.test.tsx	test-support	inventoried	frontend/packages/ui	test	first-party	fd87b9560515b90362d1579eaea20c0c7b50b824	fd87b9560515b90362d1579eaea20c0c7b50b824	unchanged	clean	not-applicable	recorded-full	docs/frontend-state-validation.md#m0-package-ledger-closure-after-lazy-checkpoint	scope-and-revision-revalidation
frontend/packages/ui/src/components/badge.tsx	source-config	inventoried	frontend/packages/ui	source	first-party	ca34dd110366b64e939741c7ef1bcea14f48a3bd	ca34dd110366b64e939741c7ef1bcea14f48a3bd	unchanged	clean	not-applicable	recorded-full	docs/frontend-state-validation.md#m0-package-ledger-closure-after-lazy-checkpoint	scope-and-revision-revalidation
frontend/packages/ui/src/components/button.tsx	source-config	inventoried	frontend/packages/ui	source	first-party	491bc13605faf646652b437fbf377cb14a32d40d	491bc13605faf646652b437fbf377cb14a32d40d	unchanged	clean	not-applicable	recorded-full	docs/frontend-state-validation.md#m0-package-ledger-closure-after-lazy-checkpoint	scope-and-revision-revalidation
frontend/packages/ui/src/components/card.tsx	source-config	inventoried	frontend/packages/ui	source	first-party	3982514778f7dda3fbf0e58a4b1e3fcc635bb9a3	3982514778f7dda3fbf0e58a4b1e3fcc635bb9a3	unchanged	clean	not-applicable	recorded-full	docs/frontend-state-validation.md#m0-package-ledger-closure-after-lazy-checkpoint	scope-and-revision-revalidation
frontend/packages/ui/src/components/checkbox.tsx	source-config	inventoried	frontend/packages/ui	source	first-party	6c3684ecb7546e6e4b88db2aa2902e7fb118c7e9	6c3684ecb7546e6e4b88db2aa2902e7fb118c7e9	unchanged	clean	not-applicable	recorded-full	docs/frontend-state-validation.md#m0-package-ledger-closure-after-lazy-checkpoint	scope-and-revision-revalidation
frontend/packages/ui/src/components/confirm-modal.tsx	source-config	inventoried	frontend/packages/ui	source	first-party	3836c1039a59c61e1d334f847132fa00dbffacf8	3836c1039a59c61e1d334f847132fa00dbffacf8	unchanged	clean	not-applicable	recorded-full	docs/frontend-state-validation.md#m0-package-ledger-closure-after-lazy-checkpoint	scope-and-revision-revalidation
frontend/packages/ui/src/components/drawer.tsx	source-config	inventoried	frontend/packages/ui	source	first-party	62ef76aaa537cbc31ed39db514d56cd31598a437	62ef76aaa537cbc31ed39db514d56cd31598a437	unchanged	clean	not-applicable	recorded-full	docs/frontend-state-validation.md#m0-package-ledger-closure-after-lazy-checkpoint	scope-and-revision-revalidation
frontend/packages/ui/src/components/dropdown-menu.tsx	source-config	inventoried	frontend/packages/ui	source	first-party	55b4a41f47663bb8b6cd0d526d4e9eec7f6567ea	55b4a41f47663bb8b6cd0d526d4e9eec7f6567ea	unchanged	clean	not-applicable	recorded-full	docs/frontend-state-validation.md#m0-package-ledger-closure-after-lazy-checkpoint	scope-and-revision-revalidation
frontend/packages/ui/src/components/empty-state.tsx	source-config	inventoried	frontend/packages/ui	source	first-party	215366394971a8a5611a5aa30f61dce157017d51	215366394971a8a5611a5aa30f61dce157017d51	unchanged	clean	not-applicable	recorded-full	docs/frontend-state-validation.md#m0-package-ledger-closure-after-lazy-checkpoint	scope-and-revision-revalidation
frontend/packages/ui/src/components/input.tsx	source-config	inventoried	frontend/packages/ui	source	first-party	54b6f907c74d9701ef075a20197aaf30217f4967	54b6f907c74d9701ef075a20197aaf30217f4967	unchanged	clean	not-applicable	recorded-full	docs/frontend-state-validation.md#m0-package-ledger-closure-after-lazy-checkpoint	scope-and-revision-revalidation
frontend/packages/ui/src/components/modal.tsx	source-config	inventoried	frontend/packages/ui	source	first-party	80f91c2e3c1d1cbfaf3e917f4ccd367e3b47c774	80f91c2e3c1d1cbfaf3e917f4ccd367e3b47c774	unchanged	clean	not-applicable	recorded-full	docs/frontend-state-validation.md#m0-package-ledger-closure-after-lazy-checkpoint	scope-and-revision-revalidation
frontend/packages/ui/src/components/page-container.tsx	source-config	inventoried	frontend/packages/ui	source	first-party	02d05ec3aff4b436c19dd66e6bcb82cdefa3e1a0	02d05ec3aff4b436c19dd66e6bcb82cdefa3e1a0	unchanged	clean	not-applicable	recorded-full	docs/frontend-state-validation.md#m0-package-ledger-closure-after-lazy-checkpoint	scope-and-revision-revalidation
frontend/packages/ui/src/components/page-header.tsx	source-config	inventoried	frontend/packages/ui	source	first-party	e416911fd606678583fb8ccfde036e798494cd20	e416911fd606678583fb8ccfde036e798494cd20	unchanged	clean	not-applicable	recorded-full	docs/frontend-state-validation.md#m0-package-ledger-closure-after-lazy-checkpoint	scope-and-revision-revalidation
frontend/packages/ui/src/components/separator.tsx	source-config	inventoried	frontend/packages/ui	source	first-party	12475622e32d226770c58a1ba3d49ff31297e2e2	12475622e32d226770c58a1ba3d49ff31297e2e2	unchanged	clean	not-applicable	recorded-full	docs/frontend-state-validation.md#m0-package-ledger-closure-after-lazy-checkpoint	scope-and-revision-revalidation
frontend/packages/ui/src/components/skeleton.tsx	source-config	inventoried	frontend/packages/ui	source	first-party	ac35dbf34e1c1ec89ee4870d91c7b96eaa78ef5b	ac35dbf34e1c1ec89ee4870d91c7b96eaa78ef5b	unchanged	clean	not-applicable	recorded-full	docs/frontend-state-validation.md#m0-package-ledger-closure-after-lazy-checkpoint	scope-and-revision-revalidation
frontend/packages/ui/src/components/spinner.tsx	source-config	inventoried	frontend/packages/ui	source	first-party	6a65ccdff56240f344544c194a3b630610481dee	6a65ccdff56240f344544c194a3b630610481dee	unchanged	clean	not-applicable	recorded-full	docs/frontend-state-validation.md#m0-package-ledger-closure-after-lazy-checkpoint	scope-and-revision-revalidation
frontend/packages/ui/src/components/tabs.tsx	source-config	inventoried	frontend/packages/ui	source	first-party	340fe73ed56d542c52da3e0dd253e5216424c1e0	340fe73ed56d542c52da3e0dd253e5216424c1e0	unchanged	clean	not-applicable	recorded-full	docs/frontend-state-validation.md#m0-package-ledger-closure-after-lazy-checkpoint	scope-and-revision-revalidation
frontend/packages/ui/src/index.ts	source-config	inventoried	frontend/packages/ui	source	first-party	a11ca902fcd40984b727def3066ef30c6530718d	a11ca902fcd40984b727def3066ef30c6530718d	unchanged	clean	not-applicable	recorded-full	docs/frontend-state-validation.md#m0-package-ledger-closure-after-lazy-checkpoint;docs/frontend-state-validation.md	scope-and-revision-revalidation
frontend/packages/ui/src/lib/__tests__/overlay.test.tsx	test-support	inventoried	frontend/packages/ui	test	first-party	5ea5ce059881ddaf44754f25a8aa2a8a3a929613	5ea5ce059881ddaf44754f25a8aa2a8a3a929613	unchanged	clean	not-applicable	recorded-full	docs/frontend-state-validation.md#m0-package-ledger-closure-after-lazy-checkpoint	scope-and-revision-revalidation
frontend/packages/ui/src/lib/__tests__/use-combobox-nav.test.tsx	test-support	inventoried	frontend/packages/ui	test	first-party	1c2216c6c8bbd6e31379d01e1501ac08eb530e28	1c2216c6c8bbd6e31379d01e1501ac08eb530e28	unchanged	clean	not-applicable	recorded-full	docs/frontend-state-validation.md#m0-package-ledger-closure-after-lazy-checkpoint	scope-and-revision-revalidation
frontend/packages/ui/src/lib/__tests__/use-media-query.test.ts	test-support	inventoried	frontend/packages/ui	test	first-party	1cd0fa358d0c45900e48c636135ab276a182efda	1cd0fa358d0c45900e48c636135ab276a182efda	unchanged	clean	not-applicable	recorded-full	docs/frontend-state-validation.md#m0-package-ledger-closure-after-lazy-checkpoint	scope-and-revision-revalidation
frontend/packages/ui/src/lib/__tests__/utils.test.ts	test-support	inventoried	frontend/packages/ui	test	first-party	27d333d2e612b47585f829215967a7080ae4be1f	27d333d2e612b47585f829215967a7080ae4be1f	unchanged	clean	not-applicable	recorded-full	docs/frontend-state-validation.md#m0-package-ledger-closure-after-lazy-checkpoint	scope-and-revision-revalidation
frontend/packages/ui/src/lib/input-classes.ts	source-config	inventoried	frontend/packages/ui	source	first-party	ddabb119a73ce336ee5c76b6b8c785041b5e2d2c	ddabb119a73ce336ee5c76b6b8c785041b5e2d2c	unchanged	clean	not-applicable	recorded-full	docs/frontend-state-validation.md#m0-package-ledger-closure-after-lazy-checkpoint;docs/frontend-state-validation.md	scope-and-revision-revalidation
frontend/packages/ui/src/lib/overlay.ts	source-config	inventoried	frontend/packages/ui	source	first-party	bd1fbe07fc93514d0e498b2bd3937b078798f67d	bd1fbe07fc93514d0e498b2bd3937b078798f67d	unchanged	clean	not-applicable	recorded-full	docs/frontend-state-validation.md#m0-package-ledger-closure-after-lazy-checkpoint;docs/frontend-state-validation.md	scope-and-revision-revalidation
frontend/packages/ui/src/lib/use-combobox-nav.ts	source-config	inventoried	frontend/packages/ui	source	first-party	0ab89eaaaf2628f5bfa0bbff608e1004b7ad23f4	0ab89eaaaf2628f5bfa0bbff608e1004b7ad23f4	unchanged	clean	not-applicable	recorded-full	docs/frontend-state-validation.md#m0-package-ledger-closure-after-lazy-checkpoint;docs/frontend-state-validation.md	scope-and-revision-revalidation
frontend/packages/ui/src/lib/use-media-query.ts	source-config	inventoried	frontend/packages/ui	source	first-party	231978d66f6af0e063230ba94b73796bb22693e1	231978d66f6af0e063230ba94b73796bb22693e1	unchanged	clean	not-applicable	recorded-full	docs/frontend-state-validation.md#m0-package-ledger-closure-after-lazy-checkpoint;docs/frontend-state-validation.md	scope-and-revision-revalidation
frontend/packages/ui/src/lib/utils.ts	source-config	inventoried	frontend/packages/ui	source	first-party	365058cebd7d2bdb327ca1c081b16e4937e11050	365058cebd7d2bdb327ca1c081b16e4937e11050	unchanged	clean	not-applicable	recorded-full	docs/frontend-state-validation.md#m0-package-ledger-closure-after-lazy-checkpoint;docs/frontend-state-validation.md	scope-and-revision-revalidation
frontend/packages/ui/src/styles.css	source-config	inventoried	frontend/packages/ui	source	first-party	beac16c9c6f49b3d5c3f3ee188d20c7cff6d84d5	beac16c9c6f49b3d5c3f3ee188d20c7cff6d84d5	unchanged	clean	not-applicable	recorded-full	docs/frontend-state-validation.md#m0-package-ledger-closure-after-lazy-checkpoint	scope-and-revision-revalidation
frontend/packages/ui/tailwind-preset.cjs	source-config	inventoried	frontend/packages/ui	source	first-party	e495c9b54d0eb6110f69adcd1940db47a7bdf1b1	e495c9b54d0eb6110f69adcd1940db47a7bdf1b1	unchanged	clean	not-applicable	recorded-full	docs/frontend-state-validation.md#m0-package-ledger-closure-after-lazy-checkpoint	scope-and-revision-revalidation
frontend/packages/ui/tsconfig.json	source-config	inventoried	frontend/packages/ui	configuration	first-party	2d797d988f2d01cc69af74817d1bdab1cb51c2e8	2d797d988f2d01cc69af74817d1bdab1cb51c2e8	unchanged	clean	not-applicable	recorded-full	docs/frontend-state-validation.md#m0-package-ledger-closure-after-lazy-checkpoint;docs/frontend-state-validation.md;docs/frontend-architecture/inventory.md#platform-review-record	scope-and-revision-revalidation
frontend/packages/ui/vitest.config.ts	source-config	inventoried	frontend/packages/ui	configuration	first-party	e20273369f51056681cf57c11dfa2d998196c6be	e20273369f51056681cf57c11dfa2d998196c6be	unchanged	clean	not-applicable	recorded-full	docs/frontend-state-validation.md#m0-package-ledger-closure-after-lazy-checkpoint;docs/frontend-state-validation.md;docs/frontend-architecture/inventory.md#platform-review-record	scope-and-revision-revalidation
frontend/playwright.ai-search.config.ts	source-config	inventoried	frontend-app	configuration	first-party	b387250f7ae0e72729e4616073a3f1d922601f2c	b387250f7ae0e72729e4616073a3f1d922601f2c	unchanged	clean	not-applicable	inventory-only	none-reconciled	complete-file-review-outstanding
frontend/playwright.config.ts	source-config	inventoried	frontend-app	configuration	first-party	40b6d9284fc5885dcef344f6dbd5b6c5cf9b0379	24bd860085f2b03fcffa8c19e330190e14604f1c	modified	clean	not-applicable	recorded-full	docs/frontend-state-validation.md;docs/frontend-architecture/inventory.md#platform-review-record	scope-and-revision-revalidation
frontend/playwright.critical-backup.config.ts	source-config	inventoried	frontend-app	configuration	first-party	b4420c8640b0cf69f1288b8198afaf5070480b55	b4420c8640b0cf69f1288b8198afaf5070480b55	unchanged	clean	not-applicable	inventory-only	none-reconciled	complete-file-review-outstanding
frontend/playwright.delivery.config.ts	source-config	inventoried	frontend-app	configuration	first-party	a602ef80ac1530baadf95545e2bc86604b64dab5	a602ef80ac1530baadf95545e2bc86604b64dab5	unchanged	clean	not-applicable	recorded-full	docs/frontend-architecture/inventory.md#platform-review-record	scope-and-revision-revalidation
frontend/playwright.environment-admin.config.ts	source-config	inventoried	frontend-app	configuration	first-party	5d95796f00f6d02890c07f2dcb0769e5c23b2e14	5d95796f00f6d02890c07f2dcb0769e5c23b2e14	unchanged	clean	not-applicable	inventory-only	none-reconciled	complete-file-review-outstanding
frontend/playwright.migration.config.ts	source-config	inventoried	frontend-app	configuration	first-party	dc3fdb4fc8b43f6b50ee14a0e5a7c945427ca284	dc3fdb4fc8b43f6b50ee14a0e5a7c945427ca284	unchanged	clean	not-applicable	inventory-only	none-reconciled	complete-file-review-outstanding
frontend/playwright.onboarding.config.ts	source-config	inventoried	frontend-app	configuration	first-party	0594230d4a73e1bf56457d2d283e7bf286ac0220	0594230d4a73e1bf56457d2d283e7bf286ac0220	unchanged	clean	not-applicable	inventory-only	none-reconciled	complete-file-review-outstanding
frontend/playwright.performance.config.ts	source-config	inventoried	frontend-app	configuration	first-party	d7acd9dd20c59ffad652ab52dc4e7ea1e0b92130	d7acd9dd20c59ffad652ab52dc4e7ea1e0b92130	unchanged	clean	not-applicable	inventory-only	none-reconciled	complete-file-review-outstanding
frontend/playwright.real.config.ts	source-config	inventoried	frontend-app	configuration	first-party	3b99dbcff3c0d9b2c4b0c3d33ebc377255cc61ee	3b99dbcff3c0d9b2c4b0c3d33ebc377255cc61ee	unchanged	clean	not-applicable	recorded-full	docs/frontend-architecture/inventory.md#platform-review-record	scope-and-revision-revalidation
frontend/playwright.startup.config.ts	source-config	not-in-historical-ledger	frontend-app	configuration	first-party	9c3ab13cb83def3e3ac2296833c33b6605f2cb80	9c3ab13cb83def3e3ac2296833c33b6605f2cb80	unchanged	clean	not-applicable	inventory-only	none-reconciled	complete-file-review-outstanding
frontend/playwright.storage-presets.config.ts	source-config	inventoried	frontend-app	configuration	first-party	99d6233755d33f682a7d1035b339464209da8ef1	99d6233755d33f682a7d1035b339464209da8ef1	unchanged	clean	not-applicable	recorded-full	docs/frontend-architecture/inventory.md#platform-review-record	scope-and-revision-revalidation
frontend/playwright.storage.config.ts	source-config	inventoried	frontend-app	configuration	first-party	aed33cbad084c3602a6f23aad72e4121213ce385	aed33cbad084c3602a6f23aad72e4121213ce385	unchanged	clean	not-applicable	recorded-full	docs/frontend-architecture/inventory.md#platform-review-record	scope-and-revision-revalidation
frontend/pnpm-lock.yaml	generated-or-lock	metadata-only	frontend-app	lockfile	metadata-only	fdc51319942f27ea6ddc7b798d4d3ad83da3a1ee	fdc51319942f27ea6ddc7b798d4d3ad83da3a1ee	unchanged	clean	not-applicable	metadata-only	none-reconciled	provenance-only
frontend/pnpm-workspace.yaml	source-config	targeted-inspection	frontend-app	package-manifest	first-party	28e71195d97db28719162941f1a504ba65641a53	28e71195d97db28719162941f1a504ba65641a53	unchanged	clean	not-applicable	recorded-full	docs/frontend-state-validation.md;docs/frontend-architecture/inventory.md#platform-review-record;docs/frontend-architecture/review.md#review-coverage	scope-and-revision-revalidation
frontend/public/.gitkeep	source-config	inventoried	frontend-app	configuration	first-party	e69de29bb2d1d6434b8b29ae775ad8c2e48c5391	e69de29bb2d1d6434b8b29ae775ad8c2e48c5391	unchanged	clean	not-applicable	inventory-only	none-reconciled	complete-file-review-outstanding
frontend/public/icon-dark.svg	source-config	inventoried	frontend-app	asset	first-party	d0d12b7f64584f481c3615c22af4db7896b5808e	d0d12b7f64584f481c3615c22af4db7896b5808e	unchanged	clean	not-applicable	inventory-only	none-reconciled	complete-file-review-outstanding
frontend/public/icon-light.svg	source-config	inventoried	frontend-app	asset	first-party	7f583dc5a1d5c7e3d513bbaa83359ebf4ed2bffb	7f583dc5a1d5c7e3d513bbaa83359ebf4ed2bffb	unchanged	clean	not-applicable	inventory-only	none-reconciled	complete-file-review-outstanding
frontend/public/images/printers/generic-fdm.png	asset	inventoried	frontend-app	asset	first-party	766083e0a9e14e93ed7c4c7f6ecf2e3bce218e89	766083e0a9e14e93ed7c4c7f6ecf2e3bce218e89	unchanged	clean	not-applicable	inventory-only	none-reconciled	complete-file-review-outstanding
frontend/public/logo-dark.svg	source-config	inventoried	frontend-app	asset	first-party	c6f7ba33cbab7809af56d7b11b94f142b8449da0	c6f7ba33cbab7809af56d7b11b94f142b8449da0	unchanged	clean	not-applicable	inventory-only	none-reconciled	complete-file-review-outstanding
frontend/public/logo.png	asset	inventoried	frontend-app	asset	first-party	9ece7b2fa18b0c95cfb7385c5de8ce0c47d4ec1e	9ece7b2fa18b0c95cfb7385c5de8ce0c47d4ec1e	unchanged	clean	not-applicable	inventory-only	none-reconciled	complete-file-review-outstanding
frontend/public/logo.svg	source-config	inventoried	frontend-app	asset	first-party	c6f7ba33cbab7809af56d7b11b94f142b8449da0	c6f7ba33cbab7809af56d7b11b94f142b8449da0	unchanged	clean	not-applicable	inventory-only	none-reconciled	complete-file-review-outstanding
frontend/public/manifest.webmanifest	source-config	inventoried	frontend-app	asset	first-party	9a03abbaff8d69461422c1d4cc966e0b6ab875d6	9a03abbaff8d69461422c1d4cc966e0b6ab875d6	unchanged	clean	not-applicable	inventory-only	none-reconciled	complete-file-review-outstanding
frontend/public/offline.html	source-config	inventoried	frontend-app	asset	first-party	6d4c0079ba3f7edabade73f8de2935d175fc146d	6d4c0079ba3f7edabade73f8de2935d175fc146d	unchanged	clean	not-applicable	inventory-only	none-reconciled	complete-file-review-outstanding
frontend/public/sw.js	source-config	targeted-inspection	frontend-app	asset	first-party	466086081c469bec0548d92a5d9a1c9c7281c0e6	466086081c469bec0548d92a5d9a1c9c7281c0e6	unchanged	clean	not-applicable	recorded-full	docs/frontend-integration-review.md#manual-inspection-in-this-tranche;docs/frontend-state-validation.md;docs/frontend-architecture/inventory.md#platform-review-record;docs/frontend-architecture/review.md#review-coverage	scope-and-revision-revalidation
frontend/public/theme-bootstrap.js	source-config	inventoried	frontend-app	asset	first-party	1ba827cf9baa2c2e3e58e387a45299f005023b8c	1ba827cf9baa2c2e3e58e387a45299f005023b8c	unchanged	clean	not-applicable	recorded-full	docs/frontend-state-validation.md#exact-additional-manual-sourcetestconfig-ledger;docs/frontend-state-validation.md	scope-and-revision-revalidation
frontend/scripts/build-readme-gif.py	source-config	inventoried	frontend-app	tooling	first-party	841ed9016e02e5771fd5fddbacd582e8911f1bed	841ed9016e02e5771fd5fddbacd582e8911f1bed	unchanged	clean	not-applicable	inventory-only	none-reconciled	complete-file-review-outstanding
frontend/scripts/coverage-gate.mjs	source-config	inventoried	frontend-app	tooling	first-party	32e3e9af10f62bad1433c2ce536798d9072ea224	32e3e9af10f62bad1433c2ce536798d9072ea224	unchanged	clean	not-applicable	inventory-only	none-reconciled	complete-file-review-outstanding
frontend/scripts/dependency-boundaries.ts	source-config	not-in-historical-ledger	frontend-app	tooling	first-party	absent	b2fa59c0c8cdad29078cab671833b402c29afd1f	added	clean	not-applicable	inventory-only	none-reconciled	complete-file-review-outstanding
frontend/scripts/frontend-smoke.mjs	source-config	inventoried	frontend-app	tooling	first-party	8d457a8db9a22c236e16c66cffb5e64ba39424cb	8d457a8db9a22c236e16c66cffb5e64ba39424cb	unchanged	clean	not-applicable	inventory-only	none-reconciled	complete-file-review-outstanding
frontend/scripts/generate-readme-media.mjs	source-config	inventoried	frontend-app	tooling	first-party	86b23539a7f629772665a4a5347faa30181fe757	86b23539a7f629772665a4a5347faa30181fe757	unchanged	clean	not-applicable	inventory-only	none-reconciled	complete-file-review-outstanding
frontend/scripts/localization-assets.ts	source-config	inventoried	frontend-app	tooling	first-party	c678c70855f1128be9803002d7992569971effc5	c678c70855f1128be9803002d7992569971effc5	unchanged	clean	not-applicable	recorded-full	docs/frontend-state-validation.md#exact-additional-manual-sourcetestconfig-ledger;docs/frontend-state-validation.md	scope-and-revision-revalidation
frontend/scripts/scaffold-locale.mjs	source-config	inventoried	frontend-app	tooling	first-party	dde97c9aa6c0d9349318b88234542da670c401ce	dde97c9aa6c0d9349318b88234542da670c401ce	unchanged	clean	not-applicable	inventory-only	none-reconciled	complete-file-review-outstanding
frontend/scripts/viewer-representation-pilot.mjs	source-config	inventoried	frontend-app	tooling	first-party	68c35c9df87b04c9ce2feac9f2eb17ae9a13e235	68c35c9df87b04c9ce2feac9f2eb17ae9a13e235	unchanged	clean	not-applicable	inventory-only	none-reconciled	complete-file-review-outstanding
frontend/scripts/viewer-representation-pilot.test.mjs	test-support	inventoried	frontend-app	test	first-party	6743ac7aca8e4a5bd722196c74ed2899cc89dd55	6743ac7aca8e4a5bd722196c74ed2899cc89dd55	unchanged	clean	not-applicable	inventory-only	none-reconciled	complete-file-review-outstanding
frontend/scripts/viewer-representation-pilot/browser.ts	source-config	inventoried	frontend-app	tooling	first-party	55a34cc9871fcf89b43345d3222745743d943a8d	55a34cc9871fcf89b43345d3222745743d943a8d	unchanged	clean	not-applicable	inventory-only	none-reconciled	complete-file-review-outstanding
frontend/scripts/viewer-representation-pilot/index.html	source-config	inventoried	frontend-app	tooling	first-party	497f25f74f280f145ceea0609b504ebd951a24a1	497f25f74f280f145ceea0609b504ebd951a24a1	unchanged	clean	not-applicable	inventory-only	none-reconciled	complete-file-review-outstanding
frontend/scripts/viewer-representation-pilot/package-lock.json	generated-or-lock	metadata-only	frontend-app	lockfile	metadata-only	21b75be96a248deeacaf619646e335c46702a48d	21b75be96a248deeacaf619646e335c46702a48d	unchanged	clean	not-applicable	metadata-only	none-reconciled	provenance-only
frontend/scripts/viewer-representation-pilot/package.json	source-config	inventoried	frontend-app	package-manifest	first-party	878d28341d61e0e9ac6231efdc39945fdb3fc0fc	878d28341d61e0e9ac6231efdc39945fdb3fc0fc	unchanged	clean	not-applicable	inventory-only	none-reconciled	complete-file-review-outstanding
frontend/security-headers.conf	source-config	inventoried	frontend-app	configuration	first-party	6e1ee1090d89a8f919d023fd0aeae10db9f024a8	6e1ee1090d89a8f919d023fd0aeae10db9f024a8	unchanged	clean	not-applicable	recorded-full	docs/frontend-architecture/inventory.md#platform-review-record	scope-and-revision-revalidation
frontend/src/__tests__/root-layout.test.tsx	test-support	not-in-historical-ledger	frontend-app	test	first-party	absent	2150a9fa192ea4f8acebe12900e6e072af5c3a2d	added	clean	not-applicable	recorded-full	docs/frontend-state-validation.md	scope-and-revision-revalidation
frontend/src/__tests__/router.test.tsx	test-support	inventoried	frontend-app	test	first-party	ade5b705c9b66e063c78049b994900e630d2e4d3	ade5b705c9b66e063c78049b994900e630d2e4d3	unchanged	clean	not-applicable	inventory-only	none-reconciled	complete-file-review-outstanding
frontend/src/components/__tests__/ai-search-settings.test.tsx	test-support	inventoried	frontend-app	test	first-party	9431ccf81640e4f67e774f40c9f409b065c4a166	6cda354501cdd1885b96e066b9202ba93888d954	modified	clean	not-applicable	inventory-only	none-reconciled	complete-file-review-outstanding
frontend/src/components/__tests__/ai-search-setup.test.tsx	test-support	inventoried	frontend-app	test	first-party	3209e781a4a96fdfe577623872d11218b301dd39	14b9f07a19693a1793d80f2044c08de4c3ebf726	modified	clean	not-applicable	inventory-only	none-reconciled	complete-file-review-outstanding
frontend/src/components/__tests__/app-shell.test.tsx	test-support	inventoried	frontend-app	test	first-party	8353cbd98c1e1dc11c2f23f92de858a90d9508de	74b1eeceea904970ef7a5be6b85ca64e6fe3baff	modified	clean	not-applicable	inventory-only	none-reconciled	complete-file-review-outstanding
frontend/src/components/__tests__/archive-review.test.tsx	test-support	inventoried	frontend-app	test	first-party	5f055e8a664991656dae02140083f9ba1713dcc2	5f055e8a664991656dae02140083f9ba1713dcc2	unchanged	clean	not-applicable	inventory-only	none-reconciled	complete-file-review-outstanding
frontend/src/components/__tests__/artifact-cache-card.test.tsx	test-support	inventoried	frontend-app	test	first-party	7166dba597666aad4099ab7d9f0c444afc03217d	7166dba597666aad4099ab7d9f0c444afc03217d	unchanged	clean	not-applicable	inventory-only	none-reconciled	complete-file-review-outstanding
frontend/src/components/__tests__/audit-schedule-panel.test.tsx	test-support	inventoried	frontend-app	test	first-party	32b413cc796075e58a14a63ed50496b38b160616	32b413cc796075e58a14a63ed50496b38b160616	unchanged	clean	not-applicable	inventory-only	none-reconciled	complete-file-review-outstanding
frontend/src/components/__tests__/auth-banner.test.tsx	test-support	inventoried	frontend-app	test	first-party	6b0dc492a7da693b7b5e086122246cad5554ee0b	6b0dc492a7da693b7b5e086122246cad5554ee0b	unchanged	clean	not-applicable	inventory-only	none-reconciled	complete-file-review-outstanding
frontend/src/components/__tests__/background-work-panel.test.tsx	test-support	inventoried	frontend-app	test	first-party	7c47b2f870cff0c01051b72968cae4efeadc6741	dd9e5bc096c372b3c189040dd78b21a75c32333f	modified	clean	not-applicable	recorded-full	docs/frontend-state-validation.md	scope-and-revision-revalidation
frontend/src/components/__tests__/backup-run-history.test.tsx	test-support	inventoried	frontend-app	test	first-party	3b463a6346bc0a69d6b6a267fa88a8220249a775	e3b2ccc74a1caf6ebfa7f1eb9606394a0f5f5ae2	modified	clean	not-applicable	inventory-only	none-reconciled	complete-file-review-outstanding
frontend/src/components/__tests__/batch-toolbar.test.tsx	test-support	inventoried	frontend-app	test	first-party	4533dfd6a46b258676416a32b88fff214790097e	4533dfd6a46b258676416a32b88fff214790097e	unchanged	clean	not-applicable	inventory-only	none-reconciled	complete-file-review-outstanding
frontend/src/components/__tests__/bottom-nav-bar.test.tsx	test-support	inventoried	frontend-app	test	first-party	9656f516f01b89ec32530cd7de09dde729199aaf	20d8ad24f0f6fe56b54924c54b35547b75bf0320	modified	clean	not-applicable	inventory-only	none-reconciled	complete-file-review-outstanding
frontend/src/components/__tests__/collection-picker.test.tsx	test-support	inventoried	frontend-app	test	first-party	afa28d8aadda259994f270bc9ad685955850605b	afa28d8aadda259994f270bc9ad685955850605b	unchanged	clean	not-applicable	inventory-only	none-reconciled	complete-file-review-outstanding
frontend/src/components/__tests__/collection-readme.test.tsx	test-support	inventoried	frontend-app	test	first-party	a5f5da2248b16a960e9fe3f82e7fc10ecb6e506d	a5f5da2248b16a960e9fe3f82e7fc10ecb6e506d	unchanged	clean	not-applicable	inventory-only	none-reconciled	complete-file-review-outstanding
frontend/src/components/__tests__/deferred-dialog.test.tsx	test-support	not-in-historical-ledger	frontend-app	test	first-party	a515691e019ab8f94e159f82c898bf92c7379dba	a515691e019ab8f94e159f82c898bf92c7379dba	unchanged	clean	not-applicable	inventory-only	none-reconciled	complete-file-review-outstanding
frontend/src/components/__tests__/derivative-status.test.tsx	test-support	inventoried	frontend-app	test	first-party	13de579b8db3e8ea2b9649f6ef106b5230e56d2c	13de579b8db3e8ea2b9649f6ef106b5230e56d2c	unchanged	clean	not-applicable	inventory-only	none-reconciled	complete-file-review-outstanding
frontend/src/components/__tests__/document-browser.test.tsx	test-support	inventoried	frontend-app	test	first-party	20c70de46e06fac03dd7a603e927a7fb2fe13633	7e19075ce3baa5180c4db1381184ac799771bdbd	modified	clean	not-applicable	inventory-only	none-reconciled	complete-file-review-outstanding
frontend/src/components/__tests__/entity-tags-dialog.test.tsx	test-support	inventoried	frontend-app	test	first-party	d477326f7e1fcd5b6bc04411f97a095099bd43a5	25701e4169eefa0bb24952652740e68e965e0329	modified	clean	not-applicable	inventory-only	none-reconciled	complete-file-review-outstanding
frontend/src/components/__tests__/external-libraries-panel.test.tsx	test-support	inventoried	frontend-app	test	first-party	15e1cd4465dd39ad8c86b70adcef0d3178babf10	15e1cd4465dd39ad8c86b70adcef0d3178babf10	unchanged	clean	not-applicable	inventory-only	none-reconciled	complete-file-review-outstanding
frontend/src/components/__tests__/filament-profiles-card.test.tsx	test-support	inventoried	frontend-app	test	first-party	8c353854c2d04602db799ce0e19eac5b9101fe50	a99e3b9d068797169605364c544d854d14217cc3	modified	clean	not-applicable	inventory-only	none-reconciled	complete-file-review-outstanding
frontend/src/components/__tests__/filter-sidebar.test.tsx	test-support	inventoried	frontend-app	test	first-party	89b90d4208727b4ff389eaa31e20dd0437bba665	7f93b3ea92beaa3e49d8a1e9fc67bec4c92bc0ab	modified	clean	not-applicable	inventory-only	none-reconciled	complete-file-review-outstanding
frontend/src/components/__tests__/fleet-panels.test.tsx	test-support	inventoried	frontend-app	test	first-party	7d17a869dbd9093767bf75026d4178337fd91ec5	ce072b5d9fa27e1de3c4b593980c9c24fcef31a2	modified	clean	not-applicable	inventory-only	none-reconciled	complete-file-review-outstanding
frontend/src/components/__tests__/gcode-viewer.test.tsx	test-support	inventoried	frontend-app	test	first-party	70fb03294eb3d65ae1c77e2fb2e35b667f3c5a01	f340b397d5ed7ca0962f29672d5f8673691867eb	modified	clean	not-applicable	inventory-only	none-reconciled	complete-file-review-outstanding
frontend/src/components/__tests__/getting-started-reminder.test.tsx	test-support	inventoried	frontend-app	test	first-party	eb5702070ba878449845ae40f0ebe222d87b0616	eb5702070ba878449845ae40f0ebe222d87b0616	unchanged	clean	not-applicable	inventory-only	none-reconciled	complete-file-review-outstanding
frontend/src/components/__tests__/import-copy-warning.test.tsx	test-support	inventoried	frontend-app	test	first-party	e6c0aa8af1716d856008754927beaceb5c7126aa	e6c0aa8af1716d856008754927beaceb5c7126aa	unchanged	clean	not-applicable	inventory-only	none-reconciled	complete-file-review-outstanding
frontend/src/components/__tests__/inference-endpoint-form.test.tsx	test-support	inventoried	frontend-app	test	first-party	b0d91cdca9943cd40d4aa381f42dc859c61ec2d8	b0d91cdca9943cd40d4aa381f42dc859c61ec2d8	unchanged	clean	not-applicable	inventory-only	none-reconciled	complete-file-review-outstanding
frontend/src/components/__tests__/library-search.test.tsx	test-support	inventoried	frontend-app	test	first-party	bdecdfc0f80cd7fb3448c716bb6f56e0f68ad8a2	473c8a0cef3657b44f5ac44a7f71f36ead3aa9d6	modified	clean	not-applicable	inventory-only	none-reconciled	complete-file-review-outstanding
frontend/src/components/__tests__/locale-toggle.test.tsx	test-support	inventoried	frontend-app	test	first-party	c7168ae17b42da93e7c2ab69d6d9ef9aa0dd18bc	c7168ae17b42da93e7c2ab69d6d9ef9aa0dd18bc	unchanged	clean	not-applicable	inventory-only	none-reconciled	complete-file-review-outstanding
frontend/src/components/__tests__/maintenance-panel.test.tsx	test-support	inventoried	frontend-app	test	first-party	3d6ca3553d1e146533c07a39664505e4670624be	3d6ca3553d1e146533c07a39664505e4670624be	unchanged	clean	not-applicable	inventory-only	none-reconciled	complete-file-review-outstanding
frontend/src/components/__tests__/markdown-view.test.tsx	test-support	inventoried	frontend-app	test	first-party	9de097667ecba37d16777d6799a4c386c04a25d1	9de097667ecba37d16777d6799a4c386c04a25d1	unchanged	clean	not-applicable	inventory-only	none-reconciled	complete-file-review-outstanding
frontend/src/components/__tests__/model-card.test.tsx	test-support	inventoried	frontend-app	test	first-party	74c496118bc43dc33972581bca1410c2d9ca8b7b	083b34dd2db8c6db2c034b1e824688c537cd3fcf	modified	modified	0b87fb5e5d55f197b2286ec134daa680521cfd2248fb6aafa9a0cffb06e93dec	inventory-only	none-reconciled	complete-file-review-outstanding;uncommitted-review-outstanding
frontend/src/components/__tests__/model-grid.test.tsx	test-support	inventoried	frontend-app	test	first-party	a347d6adedd5b6bd55d51b19b5cc37b08ace1604	87959340c77ff197f9294e7868aef6a9347a17f9	modified	clean	not-applicable	inventory-only	none-reconciled	complete-file-review-outstanding
frontend/src/components/__tests__/model-tags-dialog.test.tsx	test-support	inventoried	frontend-app	test	first-party	71473eb36b3c319de861d506f609e90b26e0ce03	a4b23727ade54a9ac757fb4f1e25f8e5d7debbf9	modified	clean	not-applicable	inventory-only	none-reconciled	complete-file-review-outstanding
frontend/src/components/__tests__/multipart-model-browser.test.tsx	test-support	inventoried	frontend-app	test	first-party	de5569a015cc5b1c199fc45cfd50dce0f3a8929e	e7e1bf12e91fd756f6bea11aa03da4e7afc3908c	modified	clean	not-applicable	inventory-only	none-reconciled	complete-file-review-outstanding
frontend/src/components/__tests__/notifications-panel.test.tsx	test-support	inventoried	frontend-app	test	first-party	4f1ce805b39c3d34ac3f3d560411e1e740b2fc19	4f1ce805b39c3d34ac3f3d560411e1e740b2fc19	unchanged	clean	not-applicable	inventory-only	none-reconciled	complete-file-review-outstanding
frontend/src/components/__tests__/oidc-settings-card.test.tsx	test-support	inventoried	frontend-app	test	first-party	85b5b4efbd037cc31110f9400f32229f0d5b67bf	d619d05a65cbeeaf7f2c1a739d97584db5fb939c	modified	clean	not-applicable	recorded-full	docs/frontend-integration-review.md#manual-inspection-in-this-tranche	scope-and-revision-revalidation
frontend/src/components/__tests__/pdf-viewer.test.tsx	test-support	inventoried	frontend-app	test	first-party	87a8710eff794b586cbce658f40b591613cd8d3b	87a8710eff794b586cbce658f40b591613cd8d3b	unchanged	clean	not-applicable	inventory-only	none-reconciled	complete-file-review-outstanding
frontend/src/components/__tests__/print-job-reproducibility.test.tsx	test-support	inventoried	frontend-app	test	first-party	988ba9c208501da46c007944b712014345dbf681	988ba9c208501da46c007944b712014345dbf681	unchanged	clean	not-applicable	inventory-only	none-reconciled	complete-file-review-outstanding
frontend/src/components/__tests__/printer-detail.test.tsx	test-support	inventoried	frontend-app	test	first-party	d00329f4add65946c606a6e7763e36ca41bf1f73	24049eb2004805152ef7478dba6374c8187da179	modified	clean	not-applicable	inventory-only	none-reconciled	complete-file-review-outstanding
frontend/src/components/__tests__/printer-materials.test.tsx	test-support	inventoried	frontend-app	test	first-party	e8a17f98b3a850cbda844abde39877a35669e87c	e8a17f98b3a850cbda844abde39877a35669e87c	unchanged	clean	not-applicable	inventory-only	none-reconciled	complete-file-review-outstanding
frontend/src/components/__tests__/printers-list.test.tsx	test-support	inventoried	frontend-app	test	first-party	930f95e056989b6a3127279168768318583b38e9	930f95e056989b6a3127279168768318583b38e9	unchanged	clean	not-applicable	inventory-only	none-reconciled	complete-file-review-outstanding
frontend/src/components/__tests__/protected-thumbnail.test.tsx	test-support	not-in-historical-ledger	frontend-app	test	first-party	absent	8b308ae88392946793b79ef0789ba79aeab28f86	added	clean	not-applicable	inventory-only	none-reconciled	complete-file-review-outstanding
frontend/src/components/__tests__/provider-connections-panel.test.tsx	test-support	inventoried	frontend-app	test	first-party	d7ffd7ac783354321aee3d0a9204a5d65bbb1279	d7ffd7ac783354321aee3d0a9204a5d65bbb1279	unchanged	clean	not-applicable	inventory-only	none-reconciled	complete-file-review-outstanding
frontend/src/components/__tests__/remote-storage-connections.test.tsx	test-support	inventoried	frontend-app	test	first-party	c3101f4b7a72fa666fb5870941bbdfffea318299	9ebf95737ed9dab10bf2cc202f86e00e8b713f0e	modified	clean	not-applicable	inventory-only	none-reconciled	complete-file-review-outstanding
frontend/src/components/__tests__/saved-view-selector.test.tsx	test-support	inventoried	frontend-app	test	first-party	d389df593b4c179889d264729625309779c941d2	e669a6bd092dc14bfd2bea89721d8e9135e98a65	modified	clean	not-applicable	inventory-only	none-reconciled	complete-file-review-outstanding
frontend/src/components/__tests__/search-filter-controls.test.tsx	test-support	inventoried	frontend-app	test	first-party	a0ae52b50f0ada05acea2917b3be39b154b9bd19	787ad67c3cfac53e93b64de96e507711e9182256	modified	clean	not-applicable	inventory-only	none-reconciled	complete-file-review-outstanding
frontend/src/components/__tests__/search-image-input.test.tsx	test-support	inventoried	frontend-app	test	first-party	766f36a909d808923fdf0c4517c900ad00f5acba	766f36a909d808923fdf0c4517c900ad00f5acba	unchanged	clean	not-applicable	inventory-only	none-reconciled	complete-file-review-outstanding
frontend/src/components/__tests__/search-preferences.test.tsx	test-support	inventoried	frontend-app	test	first-party	c647b468639a2dc94ca6be3baab329fc8144e78e	c647b468639a2dc94ca6be3baab329fc8144e78e	unchanged	clean	not-applicable	inventory-only	none-reconciled	complete-file-review-outstanding
frontend/src/components/__tests__/settings-panel.test.tsx	test-support	inventoried	frontend-app	test	first-party	623047ae853841f22ac6d8b728b6c2481f0f041a	2e928a1f0a9cc5b47305c3a6c24caef41fb906a9	modified	clean	not-applicable	inventory-only	none-reconciled	complete-file-review-outstanding
frontend/src/components/__tests__/setup-gate.test.tsx	test-support	inventoried	frontend-app	test	first-party	1e77d03edece701a346b4c378c37c85e2684b161	8b3f5356015359d2b88b4f8868b9ac51df258f0c	modified	clean	not-applicable	recorded-full	docs/frontend-state-validation.md	scope-and-revision-revalidation
frontend/src/components/__tests__/setup-storage-choice.test.tsx	test-support	inventoried	frontend-app	test	first-party	1f07cc4f3edc5485369aa9a29602adf785ab19f9	1f07cc4f3edc5485369aa9a29602adf785ab19f9	unchanged	clean	not-applicable	inventory-only	none-reconciled	complete-file-review-outstanding
frontend/src/components/__tests__/setup-unavailable.test.tsx	test-support	inventoried	frontend-app	test	first-party	b773f9793de68395297a728f63c3d2539887cbaa	b773f9793de68395297a728f63c3d2539887cbaa	unchanged	clean	not-applicable	inventory-only	none-reconciled	complete-file-review-outstanding
frontend/src/components/__tests__/sidebar-nav.test.tsx	test-support	inventoried	frontend-app	test	first-party	8cd2335548efbe605230bbb990014113716bdbf2	8cd2335548efbe605230bbb990014113716bdbf2	unchanged	clean	not-applicable	inventory-only	none-reconciled	complete-file-review-outstanding
frontend/src/components/__tests__/similarity-queue.test.tsx	test-support	inventoried	frontend-app	test	first-party	0dcf1fd7853eb7d35a19098c0114c1dc9d3a532c	5da926c91103d743db3d6f0566f49a56a169551a	modified	clean	not-applicable	inventory-only	none-reconciled	complete-file-review-outstanding
frontend/src/components/__tests__/similarity-search.test.tsx	test-support	inventoried	frontend-app	test	first-party	2673d1609e07fd258ea42ac9244734a1034020ba	8139fb35dd9823f06b92ee203048530feecf5717	modified	clean	not-applicable	inventory-only	none-reconciled	complete-file-review-outstanding
frontend/src/components/__tests__/similarity-settings-panel.test.tsx	test-support	inventoried	frontend-app	test	first-party	4e133f73f9353c36eeabc1802ca07b0137b2f844	0269971c3b44b7161c241493c8aefbcb5c862a57	modified	clean	not-applicable	inventory-only	none-reconciled	complete-file-review-outstanding
frontend/src/components/__tests__/slicer-open-button.test.tsx	test-support	inventoried	frontend-app	test	first-party	d1407ec4a5e59d6d552544a47779571b3b271ed2	d1407ec4a5e59d6d552544a47779571b3b271ed2	unchanged	clean	not-applicable	inventory-only	none-reconciled	complete-file-review-outstanding
frontend/src/components/__tests__/spoolman-connect-card.test.tsx	test-support	inventoried	frontend-app	test	first-party	43bc3eec79d053a45a6a410d5e69f7a266f54122	43bc3eec79d053a45a6a410d5e69f7a266f54122	unchanged	clean	not-applicable	inventory-only	none-reconciled	complete-file-review-outstanding
frontend/src/components/__tests__/staged-input-recovery.test.tsx	test-support	inventoried	frontend-app	test	first-party	556b374e2ac71d3a3af4bf0528a4e23b5c23f605	556b374e2ac71d3a3af4bf0528a4e23b5c23f605	unchanged	clean	not-applicable	inventory-only	none-reconciled	complete-file-review-outstanding
frontend/src/components/__tests__/stl-viewer.test.tsx	test-support	inventoried	frontend-app	test	first-party	044327a686e56591f42bd7ca1ea5aeb6b09b360b	26a39c6b938ef83bbbdac2aa950c26ea8cecbf2e	modified	clean	not-applicable	inventory-only	none-reconciled	complete-file-review-outstanding
frontend/src/components/__tests__/storage-config-card.test.tsx	test-support	inventoried	frontend-app	test	first-party	4329a281bcb36c084cbe09c2742da7755ce79909	4329a281bcb36c084cbe09c2742da7755ce79909	unchanged	clean	not-applicable	inventory-only	none-reconciled	complete-file-review-outstanding
frontend/src/components/__tests__/storage-inventory-panel.test.tsx	test-support	inventoried	frontend-app	test	first-party	bbb5957d82927e7ad18dd7daa2e52c2f7a87c5c1	bbb5957d82927e7ad18dd7daa2e52c2f7a87c5c1	unchanged	clean	not-applicable	inventory-only	none-reconciled	complete-file-review-outstanding
frontend/src/components/__tests__/storage-provider-fields.test.tsx	test-support	inventoried	frontend-app	test	first-party	c7387f67ab3876c3a43527ab17569a4c48a5f5cd	c7387f67ab3876c3a43527ab17569a4c48a5f5cd	unchanged	clean	not-applicable	inventory-only	none-reconciled	complete-file-review-outstanding
frontend/src/components/__tests__/storage-provider-guidance.test.tsx	test-support	inventoried	frontend-app	test	first-party	2fee1ea2f3d0e3951f95cc528d60ce763e2ac310	2fee1ea2f3d0e3951f95cc528d60ce763e2ac310	unchanged	clean	not-applicable	inventory-only	none-reconciled	complete-file-review-outstanding
frontend/src/components/__tests__/storage-provider-picker.test.tsx	test-support	inventoried	frontend-app	test	first-party	0ddee37e7d631d970f1d64dc6d16e403867e02ff	0ddee37e7d631d970f1d64dc6d16e403867e02ff	unchanged	clean	not-applicable	inventory-only	none-reconciled	complete-file-review-outstanding
frontend/src/components/__tests__/structured-filters.test.tsx	test-support	inventoried	frontend-app	test	first-party	76376b30ed3e46c2315dcfc2d6f7745db3533a06	76376b30ed3e46c2315dcfc2d6f7745db3533a06	unchanged	clean	not-applicable	inventory-only	none-reconciled	complete-file-review-outstanding
frontend/src/components/__tests__/subject-caption.test.tsx	test-support	inventoried	frontend-app	test	first-party	609b93356ed51d525e3682549580882fdfbd21ff	352e0fd5e7ce113dc781eafb89824927db2d0822	modified	clean	not-applicable	inventory-only	none-reconciled	complete-file-review-outstanding
frontend/src/components/__tests__/task-list.test.tsx	test-support	inventoried	frontend-app	test	first-party	e702f435c08419cd6891caa60b609a4c203f7f16	e702f435c08419cd6891caa60b609a4c203f7f16	unchanged	clean	not-applicable	inventory-only	none-reconciled	complete-file-review-outstanding
frontend/src/components/__tests__/theme-toggle.test.tsx	test-support	inventoried	frontend-app	test	first-party	80080feb7d500f4578fceaf590a3e91969aa70c2	80080feb7d500f4578fceaf590a3e91969aa70c2	unchanged	clean	not-applicable	inventory-only	none-reconciled	complete-file-review-outstanding
frontend/src/components/__tests__/top-bar.test.tsx	test-support	inventoried	frontend-app	test	first-party	65142f3dd30e22c5e40514de2255bd4144270a79	65142f3dd30e22c5e40514de2255bd4144270a79	unchanged	clean	not-applicable	inventory-only	none-reconciled	complete-file-review-outstanding
frontend/src/components/__tests__/upload-modal/bulk-files.test.tsx	test-support	inventoried	frontend-app	test	first-party	f15ebe0cff290ea559fd57511cfa4a16c392de14	f15ebe0cff290ea559fd57511cfa4a16c392de14	unchanged	clean	not-applicable	inventory-only	none-reconciled	complete-file-review-outstanding
frontend/src/components/__tests__/upload-modal/dialog.test.tsx	test-support	inventoried	frontend-app	test	first-party	e6ed64d1bf9822a39e39cd3aaf79f9c4d6fd297b	e6ed64d1bf9822a39e39cd3aaf79f9c4d6fd297b	unchanged	clean	not-applicable	inventory-only	none-reconciled	complete-file-review-outstanding
frontend/src/components/__tests__/upload-modal/uploading.test.tsx	test-support	inventoried	frontend-app	test	first-party	cefea89be111eed5efb011ce9596c3a8b9b80636	070c3d5ca929c9a3aeb4454aec224d3d43e4fa87	modified	modified	76b3d52df10f609f802f961fb13711ed43ebac9e59c86a7bd67bddb17917f694	inventory-only	none-reconciled	complete-file-review-outstanding;uncommitted-review-outstanding
frontend/src/components/__tests__/vault-migration-panel.test.tsx	test-support	inventoried	frontend-app	test	first-party	cb368f0936e0d1e558df2ac1916ef27d45dec672	cb368f0936e0d1e558df2ac1916ef27d45dec672	unchanged	clean	not-applicable	inventory-only	none-reconciled	complete-file-review-outstanding
frontend/src/components/ai-search-settings.tsx	source-config	inventoried	frontend-app	source	first-party	d9b7185455977d938698468675c46d363854eedf	280f04f50190a4c55b327bbb43b0322c580003fe	modified	clean	not-applicable	inventory-only	none-reconciled	complete-file-review-outstanding
frontend/src/components/ai-search-setup.tsx	source-config	inventoried	frontend-app	source	first-party	999891a4a278bc21cd1d6826006034f6708d2de6	553503850a5d5689862c49bd7eb7e76d807f1737	modified	clean	not-applicable	inventory-only	none-reconciled	complete-file-review-outstanding
frontend/src/components/app-shell.tsx	source-config	inventoried	frontend-app	source	first-party	e365bb726cda8894b5ba569acfbdda834a338db3	60bc4eaac5edca0681a28f156cddd173d70462a0	modified	clean	not-applicable	recorded-full	docs/frontend-state-validation.md	scope-and-revision-revalidation
frontend/src/components/archive-review.tsx	source-config	inventoried	frontend-app	source	first-party	35094ca41c90dcc3bb64c381a63b552668d65a5a	35094ca41c90dcc3bb64c381a63b552668d65a5a	unchanged	clean	not-applicable	recorded-full	docs/frontend-state-validation.md	scope-and-revision-revalidation
frontend/src/components/artifact-cache-card.tsx	source-config	inventoried	frontend-app	source	first-party	16dad6152fa8ba269ee166908a0e1d3b38e1d17e	16dad6152fa8ba269ee166908a0e1d3b38e1d17e	unchanged	clean	not-applicable	recorded-full	docs/frontend-state-validation.md#exact-additional-manual-sourcetestconfig-ledger;docs/frontend-state-validation.md	scope-and-revision-revalidation
frontend/src/components/audit-schedule-panel.tsx	source-config	inventoried	frontend-app	source	first-party	f3fe53cc074437d16ca92f0edc855673af0c6337	f3fe53cc074437d16ca92f0edc855673af0c6337	unchanged	clean	not-applicable	inventory-only	none-reconciled	complete-file-review-outstanding
frontend/src/components/auth-banner.tsx	source-config	inventoried	frontend-app	source	first-party	9fc64be42f9fe93ed56fb7adf2db1a160aef165a	9fc64be42f9fe93ed56fb7adf2db1a160aef165a	unchanged	clean	not-applicable	inventory-only	none-reconciled	complete-file-review-outstanding
frontend/src/components/background-work-panel.tsx	source-config	inventoried	frontend-app	source	first-party	a5193ab83fda5f0f334b608260887834698a1f25	9ad38bfeffe13cd890c9cfc75ec5b5099506bf1c	modified	clean	not-applicable	recorded-full	docs/frontend-state-validation.md	scope-and-revision-revalidation
frontend/src/components/backup-run-history.tsx	source-config	inventoried	frontend-app	source	first-party	14a4cdc3b7c72e1b71caa75ed49edcb9181e5e06	4c5c594210fffa3ca98dd2e8a2a3dcff40aa299e	modified	clean	not-applicable	inventory-only	none-reconciled	complete-file-review-outstanding
frontend/src/components/batch-toolbar.tsx	source-config	inventoried	frontend-app	source	first-party	7c719a9ff37c4659984bccf974a7049c135ba591	7c719a9ff37c4659984bccf974a7049c135ba591	unchanged	clean	not-applicable	inventory-only	none-reconciled	complete-file-review-outstanding
frontend/src/components/bottom-nav-bar.tsx	source-config	targeted-inspection	frontend-app	source	first-party	54feed84a10f66d126607b64a40ad03e3e196045	c8cd47c6a97af2364dbd75ed007483316b681ec6	modified	clean	not-applicable	recorded-targeted	docs/frontend-architecture/review.md#review-coverage	complete-file-review-outstanding
frontend/src/components/brand-mark.tsx	source-config	inventoried	frontend-app	source	first-party	76180715bdccf5680c237ce87aa4b0939d07adfb	76180715bdccf5680c237ce87aa4b0939d07adfb	unchanged	clean	not-applicable	inventory-only	none-reconciled	complete-file-review-outstanding
frontend/src/components/collection-picker.tsx	source-config	inventoried	frontend-app	source	first-party	c6e1ce6542c41ac44b5e89e96699bf9a601a7e5c	c6e1ce6542c41ac44b5e89e96699bf9a601a7e5c	unchanged	clean	not-applicable	inventory-only	none-reconciled	complete-file-review-outstanding
frontend/src/components/collection-readme.tsx	source-config	inventoried	frontend-app	source	first-party	3b177d37884b4eabb4ef14887d790e6fe30c1592	3b177d37884b4eabb4ef14887d790e6fe30c1592	unchanged	clean	not-applicable	inventory-only	none-reconciled	complete-file-review-outstanding
frontend/src/components/deferred-dialog.tsx	source-config	not-in-historical-ledger	frontend-app	source	first-party	90989c31777412f7acb2821f9eeee1a722e97d63	90989c31777412f7acb2821f9eeee1a722e97d63	unchanged	clean	not-applicable	inventory-only	none-reconciled	complete-file-review-outstanding
frontend/src/components/derivative-status.tsx	source-config	inventoried	frontend-app	source	first-party	39f80184f80d6d9440765bb2d5461a9c9a817a50	39f80184f80d6d9440765bb2d5461a9c9a817a50	unchanged	clean	not-applicable	recorded-full	docs/frontend-state-validation.md	scope-and-revision-revalidation
frontend/src/components/document-browser.tsx	source-config	targeted-inspection	frontend-app	source	first-party	88c5aa5bbca4364f9fbd962b3f6e2fa701c0e754	d5e572195fed61c18cdc53e65c92f04d9129aa23	modified	clean	not-applicable	recorded-targeted	docs/frontend-architecture/review.md#review-coverage	complete-file-review-outstanding
frontend/src/components/entity-tags-dialog.tsx	source-config	inventoried	frontend-app	source	first-party	57302084814b663acdb436404b7ef52aabb25653	de6b25a401aee4853db2fa22976d0b2bceb45fd1	modified	clean	not-applicable	inventory-only	none-reconciled	complete-file-review-outstanding
frontend/src/components/entity-tags-editor.tsx	source-config	not-in-historical-ledger	frontend-app	source	first-party	c7d3b18fe5e9d70618433acd9d5a68f41c892eb1	c7d3b18fe5e9d70618433acd9d5a68f41c892eb1	unchanged	clean	not-applicable	inventory-only	none-reconciled	complete-file-review-outstanding
frontend/src/components/external-libraries-panel.tsx	source-config	inventoried	frontend-app	source	first-party	b804d1aa679b2a069d272c3ffd16a8ee7adda909	b804d1aa679b2a069d272c3ffd16a8ee7adda909	unchanged	clean	not-applicable	inventory-only	none-reconciled	complete-file-review-outstanding
frontend/src/components/fab.tsx	source-config	inventoried	frontend-app	source	first-party	b3dd1a389cf543c6e71dab1e4a1f4e8ff577c3c4	b3dd1a389cf543c6e71dab1e4a1f4e8ff577c3c4	unchanged	clean	not-applicable	inventory-only	none-reconciled	complete-file-review-outstanding
frontend/src/components/filament-profiles-card.tsx	source-config	inventoried	frontend-app	source	first-party	a8aa0c2c71626ae5d253d5988aa1a3daec7ea0da	64273ad24d143812feda6f03e206fb0c4eea9f1e	modified	clean	not-applicable	inventory-only	none-reconciled	complete-file-review-outstanding
frontend/src/components/filter-sidebar.tsx	source-config	inventoried	frontend-app	source	first-party	b1d6156e70e4a0ed6d7c499266f6a05d09e54676	84b813c16a8e4d05f207081aaa8514e8690b83cd	modified	clean	not-applicable	inventory-only	none-reconciled	complete-file-review-outstanding
frontend/src/components/fleet-panels.tsx	source-config	inventoried	frontend-app	source	first-party	baf59f89c464c8fe6cc2b55fb4a9f89abbf3e597	841c68170ea77db5c373bc340dbdea434ea03d92	modified	clean	not-applicable	recorded-targeted	docs/frontend-integration-review.md#manual-inspection-in-this-tranche	complete-file-review-outstanding
frontend/src/components/gcode-viewer.tsx	source-config	inventoried	frontend-app	source	first-party	9407d533eeea8112147e547f460bbc4fb95c851c	ef94f36cead47a7c87ab8025ad8407cd8994ac2a	modified	clean	not-applicable	inventory-only	none-reconciled	complete-file-review-outstanding
frontend/src/components/getting-started-reminder.tsx	source-config	inventoried	frontend-app	source	first-party	9806ae884d6ee5a6eb5f839a410a2a02096b93aa	9806ae884d6ee5a6eb5f839a410a2a02096b93aa	unchanged	clean	not-applicable	recorded-full	docs/frontend-state-validation.md#exact-additional-manual-sourcetestconfig-ledger;docs/frontend-state-validation.md	scope-and-revision-revalidation
frontend/src/components/import-copy-warning.tsx	source-config	inventoried	frontend-app	source	first-party	e49480b5ecce44fad3fc753b66c8afe846cbd566	e49480b5ecce44fad3fc753b66c8afe846cbd566	unchanged	clean	not-applicable	inventory-only	none-reconciled	complete-file-review-outstanding
frontend/src/components/inference-endpoint-form.tsx	source-config	inventoried	frontend-app	source	first-party	9272ee21648d4f69ea405add9b596edf32d8f01a	565198fcaa763465e49f60a70b441554ad3586b1	modified	clean	not-applicable	inventory-only	none-reconciled	complete-file-review-outstanding
frontend/src/components/library-search.tsx	source-config	inventoried	frontend-app	source	first-party	4d4f43b225bbe6a6d3ea158b487a2b47aedadd05	843254cd2b54a90127b1dbaa53919cb694af5e45	modified	modified	e33a6fe5e7bd2a61a87bc8f3b1b7b40ffd0407d9029f0e024d19300bbc6ee840	inventory-only	none-reconciled	complete-file-review-outstanding;uncommitted-review-outstanding
frontend/src/components/locale-toggle.tsx	source-config	inventoried	frontend-app	source	first-party	17c325840f77506664185eebccc0062ee729bc4e	17c325840f77506664185eebccc0062ee729bc4e	unchanged	clean	not-applicable	inventory-only	none-reconciled	complete-file-review-outstanding
frontend/src/components/maintenance-panel.tsx	source-config	inventoried	frontend-app	source	first-party	d18a90771942024ffb77c55f9a62bf67486fb941	d18a90771942024ffb77c55f9a62bf67486fb941	unchanged	clean	not-applicable	inventory-only	none-reconciled	complete-file-review-outstanding
frontend/src/components/makerworld-connect-card.tsx	source-config	inventoried	frontend-app	source	first-party	e95c49da69758350253f87ed17bbc506221286bd	e95c49da69758350253f87ed17bbc506221286bd	unchanged	clean	not-applicable	inventory-only	none-reconciled	complete-file-review-outstanding
frontend/src/components/markdown-view.tsx	source-config	inventoried	frontend-app	source	first-party	8ef750a2378ef7cf061d5e09824cececfb56c0d9	8ef750a2378ef7cf061d5e09824cececfb56c0d9	unchanged	clean	not-applicable	inventory-only	none-reconciled	complete-file-review-outstanding
frontend/src/components/metadata-comparison.tsx	source-config	inventoried	frontend-app	source	first-party	3b37b169f516e35d15120269085666febb5701b7	3b37b169f516e35d15120269085666febb5701b7	unchanged	clean	not-applicable	inventory-only	none-reconciled	complete-file-review-outstanding
frontend/src/components/mobile-filter-drawer.tsx	source-config	inventoried	frontend-app	source	first-party	92ff9e42e1a182215ada72da873e7bd125c0795f	92ff9e42e1a182215ada72da873e7bd125c0795f	unchanged	clean	not-applicable	inventory-only	none-reconciled	complete-file-review-outstanding
frontend/src/components/mobile-nav-drawer.tsx	source-config	inventoried	frontend-app	source	first-party	cb12a2b23ae09e992bc56c140f5a67eb277f8a1d	cb12a2b23ae09e992bc56c140f5a67eb277f8a1d	unchanged	clean	not-applicable	inventory-only	none-reconciled	complete-file-review-outstanding
frontend/src/components/model-card.tsx	source-config	targeted-inspection	frontend-app	source	first-party	07b9fb298c7e7cf84bdb3921ae0fab361ea687c8	a99561dda90b15e2da4cf1ac36d806b36b7df8b5	modified	modified	1d102df2f5deaa0a2decdb63570168cb53b646d12d1013ecf444fc1f30394902	recorded-targeted	docs/frontend-architecture/review.md#review-coverage	complete-file-review-outstanding;uncommitted-review-outstanding
frontend/src/components/model-detail/__tests__/add-revision-modal.test.tsx	test-support	inventoried	frontend-app	test	first-party	d2fa4590ee03bae46158e52aaf7ae6eef36255fa	101958f60b49f84895071d9c84b44125e01e963b	modified	clean	not-applicable	inventory-only	none-reconciled	complete-file-review-outstanding
frontend/src/components/model-detail/__tests__/client-view.test.tsx	test-support	inventoried	frontend-app	test	first-party	03d2ff0a70042a960bd0861a8cbab8323ace1e26	d06fc392f39b7f090baaf74c63b129a438c6421d	modified	clean	not-applicable	inventory-only	none-reconciled	complete-file-review-outstanding
frontend/src/components/model-detail/__tests__/files-tab.test.tsx	test-support	inventoried	frontend-app	test	first-party	473325d5fde2c057e1280928380c578a19a000ad	24f615794e80eec438fe477ffdd9527679cca20b	modified	clean	not-applicable	inventory-only	none-reconciled	complete-file-review-outstanding
frontend/src/components/model-detail/__tests__/index.test.tsx	test-support	inventoried	frontend-app	test	first-party	28f86767ee9ea6df01ca797786f738b20b71741c	ff28412aeeacb48d6946a596e64b52a0b33834b9	modified	modified	007e88ccadb3f66fda7d7a2d74e1aede7d60a677fcc89ef8e7086908d65e5214	inventory-only	none-reconciled	complete-file-review-outstanding;uncommitted-review-outstanding
frontend/src/components/model-detail/__tests__/overview-tab.test.tsx	test-support	inventoried	frontend-app	test	first-party	e0ae4112034d160781d77895e297e139cc75f6d5	54b8d2e0d5163930b649fe078529f65079ad5a84	modified	clean	not-applicable	inventory-only	none-reconciled	complete-file-review-outstanding
frontend/src/components/model-detail/__tests__/presentation.test.ts	test-support	inventoried	frontend-app	test	first-party	57f6c5f4d68de19b7f9e1211cbf89dc9aa4dda3d	57f6c5f4d68de19b7f9e1211cbf89dc9aa4dda3d	unchanged	clean	not-applicable	inventory-only	none-reconciled	complete-file-review-outstanding
frontend/src/components/model-detail/__tests__/print-history-section.test.tsx	test-support	inventoried	frontend-app	test	first-party	87c40d951f54b20c730ded2e02b28eb2f7ee16cc	87c40d951f54b20c730ded2e02b28eb2f7ee16cc	unchanged	clean	not-applicable	inventory-only	none-reconciled	complete-file-review-outstanding
frontend/src/components/model-detail/__tests__/revisions-tab.test.tsx	test-support	inventoried	frontend-app	test	first-party	ceca17e802bdd2ff9d0a1959e53affbf04276b42	70c8698724afab9b9d66a6fffc12dcfbff5d932b	modified	clean	not-applicable	inventory-only	none-reconciled	complete-file-review-outstanding
frontend/src/components/model-detail/__tests__/send-to-buttons.test.tsx	test-support	inventoried	frontend-app	test	first-party	9806f15aa5cd131808beee8494a369ab5200b912	9806f15aa5cd131808beee8494a369ab5200b912	unchanged	clean	not-applicable	inventory-only	none-reconciled	complete-file-review-outstanding
frontend/src/components/model-detail/__tests__/settings-tab.test.tsx	test-support	inventoried	frontend-app	test	first-party	baf563602e31563639d8c6bd3ac5cd25bc165f8a	baf563602e31563639d8c6bd3ac5cd25bc165f8a	unchanged	clean	not-applicable	inventory-only	none-reconciled	complete-file-review-outstanding
frontend/src/components/model-detail/__tests__/share-dialog.test.tsx	test-support	inventoried	frontend-app	test	first-party	81efa86592e59f93bb5eca5a1ab8d08f9a758426	81efa86592e59f93bb5eca5a1ab8d08f9a758426	unchanged	clean	not-applicable	inventory-only	none-reconciled	complete-file-review-outstanding
frontend/src/components/model-detail/__tests__/source-tab.test.tsx	test-support	inventoried	frontend-app	test	first-party	fd0e51a2a90026993151b34bd90ee958ee7ddc16	fd0e51a2a90026993151b34bd90ee958ee7ddc16	unchanged	clean	not-applicable	inventory-only	none-reconciled	complete-file-review-outstanding
frontend/src/components/model-detail/__tests__/source-url.test.ts	test-support	inventoried	frontend-app	test	first-party	0e43ccec24b30eea52207700c6e64a49ea296e13	0e43ccec24b30eea52207700c6e64a49ea296e13	unchanged	clean	not-applicable	inventory-only	none-reconciled	complete-file-review-outstanding
frontend/src/components/model-detail/__tests__/use-derivative-refresh.test.tsx	test-support	inventoried	frontend-app	test	first-party	a4e07c497b03e8039b90c26d3ceea4afb97ea901	5b70b91cf687403bf560626733cb8c5e3261e35c	modified	clean	not-applicable	inventory-only	none-reconciled	complete-file-review-outstanding
frontend/src/components/model-detail/__tests__/use-revision-updater.test.tsx	test-support	not-in-historical-ledger	frontend-app	test	first-party	absent	83288d60a720d7b6973abbca2ee29312a2816aa0	added	clean	not-applicable	inventory-only	none-reconciled	complete-file-review-outstanding
frontend/src/components/model-detail/__tests__/viewer-toolbar.test.tsx	test-support	inventoried	frontend-app	test	first-party	1374beccfe0bb96e307b5d53636bf03d17cd2ee0	1374beccfe0bb96e307b5d53636bf03d17cd2ee0	unchanged	clean	not-applicable	inventory-only	none-reconciled	complete-file-review-outstanding
frontend/src/components/model-detail/add-revision-modal.tsx	source-config	inventoried	frontend-app	source	first-party	b8d8f3e309ea4a35c07784eb5c4f9234dd26b499	b8d8f3e309ea4a35c07784eb5c4f9234dd26b499	unchanged	clean	not-applicable	inventory-only	none-reconciled	complete-file-review-outstanding
frontend/src/components/model-detail/client-view.tsx	source-config	inventoried	frontend-app	source	first-party	6947f8d1129ba032776db4e4d9498b20975550ad	e17d7eea3e6fcd9b53ba6296fa29496c1fef5f32	modified	clean	not-applicable	inventory-only	none-reconciled	complete-file-review-outstanding
frontend/src/components/model-detail/files-tab.tsx	source-config	inventoried	frontend-app	source	first-party	bd770a8c700ddacd456541c6739f2c90b43b7d37	bd770a8c700ddacd456541c6739f2c90b43b7d37	unchanged	clean	not-applicable	inventory-only	none-reconciled	complete-file-review-outstanding
frontend/src/components/model-detail/index.tsx	source-config	inventoried	frontend-app	source	first-party	fbe71bcf939205631e99f50e731536b91a996dfd	ef1adcce7dbd70e4559ef0cf1f2e8fc2b1cd79b2	modified	modified	b586ee007ad707bdb16307eda9fe26b130fee070e03b5f2c19c30c511b723b7b	inventory-only	none-reconciled	complete-file-review-outstanding;uncommitted-review-outstanding
frontend/src/components/model-detail/overview-tab.tsx	source-config	inventoried	frontend-app	source	first-party	8840d02384a206116a085aab56e765914bec2c4e	8840d02384a206116a085aab56e765914bec2c4e	unchanged	clean	not-applicable	inventory-only	none-reconciled	complete-file-review-outstanding
frontend/src/components/model-detail/presentation.ts	source-config	inventoried	frontend-app	source	first-party	1454a51f05252427c5358c5d8212e0540a044f75	1454a51f05252427c5358c5d8212e0540a044f75	unchanged	clean	not-applicable	inventory-only	none-reconciled	complete-file-review-outstanding
frontend/src/components/model-detail/print-history-section.tsx	source-config	inventoried	frontend-app	source	first-party	f73d9d5c8346596894f075d63ef07fab0ad46a8f	f73d9d5c8346596894f075d63ef07fab0ad46a8f	unchanged	clean	not-applicable	inventory-only	none-reconciled	complete-file-review-outstanding
frontend/src/components/model-detail/recommended-print-card.tsx	source-config	inventoried	frontend-app	source	first-party	815eb9c2837f17cc09ad9979f49bcbccddc656c2	815eb9c2837f17cc09ad9979f49bcbccddc656c2	unchanged	clean	not-applicable	inventory-only	none-reconciled	complete-file-review-outstanding
frontend/src/components/model-detail/revision-compare.tsx	source-config	inventoried	frontend-app	source	first-party	0cf8b6ae8b7ef62107eaa177c26ee0fa5219324e	0cf8b6ae8b7ef62107eaa177c26ee0fa5219324e	unchanged	clean	not-applicable	inventory-only	none-reconciled	complete-file-review-outstanding
frontend/src/components/model-detail/revisions-tab.tsx	source-config	inventoried	frontend-app	source	first-party	0650228d99d2dff8c190258e77eb13204a7c29b2	0650228d99d2dff8c190258e77eb13204a7c29b2	unchanged	clean	not-applicable	inventory-only	none-reconciled	complete-file-review-outstanding
frontend/src/components/model-detail/send-to-buttons.tsx	source-config	inventoried	frontend-app	source	first-party	4a3c66b4eb4a4f0f60596751134282fa56cf54ff	4a3c66b4eb4a4f0f60596751134282fa56cf54ff	unchanged	clean	not-applicable	inventory-only	none-reconciled	complete-file-review-outstanding
frontend/src/components/model-detail/setting-row.tsx	source-config	inventoried	frontend-app	source	first-party	6a1617b6661edfd12828fca7c0a86bad601efebb	6a1617b6661edfd12828fca7c0a86bad601efebb	unchanged	clean	not-applicable	inventory-only	none-reconciled	complete-file-review-outstanding
frontend/src/components/model-detail/settings-tab.tsx	source-config	inventoried	frontend-app	source	first-party	24957695f6a22030fe7516b45f3aca1ecc1a7176	24957695f6a22030fe7516b45f3aca1ecc1a7176	unchanged	clean	not-applicable	inventory-only	none-reconciled	complete-file-review-outstanding
frontend/src/components/model-detail/share-dialog.tsx	source-config	inventoried	frontend-app	source	first-party	da4d70e53951fae17702002e5b1534a961dd3092	da4d70e53951fae17702002e5b1534a961dd3092	unchanged	clean	not-applicable	inventory-only	none-reconciled	complete-file-review-outstanding
frontend/src/components/model-detail/source-tab.tsx	source-config	inventoried	frontend-app	source	first-party	a1ad74f73c7544c5f5d91279f92e09fbb9d3f0bf	a1ad74f73c7544c5f5d91279f92e09fbb9d3f0bf	unchanged	clean	not-applicable	inventory-only	none-reconciled	complete-file-review-outstanding
frontend/src/components/model-detail/source-url.ts	source-config	inventoried	frontend-app	source	first-party	4c12c717b0c14ea6bb1581968253a4e043f8d37a	4c12c717b0c14ea6bb1581968253a4e043f8d37a	unchanged	clean	not-applicable	inventory-only	none-reconciled	complete-file-review-outstanding
frontend/src/components/model-detail/use-derivative-refresh.ts	source-config	inventoried	frontend-app	source	first-party	44c2c5021d5c1432d73835ab154529e13e494cf5	b5897e3112497885e625a2bd1041f296b1e78ac6	modified	clean	not-applicable	recorded-full	docs/frontend-state-validation.md	scope-and-revision-revalidation
frontend/src/components/model-detail/use-revision-updater.ts	source-config	inventoried	frontend-app	source	first-party	5f828698ff2996711df65e09fff17d0f36587327	ace8af41c518cfb3db98e144b4c709bcbc570578	modified	clean	not-applicable	inventory-only	none-reconciled	complete-file-review-outstanding
frontend/src/components/model-detail/viewer-toolbar.tsx	source-config	inventoried	frontend-app	source	first-party	3ff38a0332dc5c4f787651606d767e7ffcaebbc9	3ff38a0332dc5c4f787651606d767e7ffcaebbc9	unchanged	clean	not-applicable	inventory-only	none-reconciled	complete-file-review-outstanding
frontend/src/components/model-grid.tsx	source-config	targeted-inspection	frontend-app	source	first-party	1ef57930fc0f873a3f7f0339425ba8aed39ff0eb	bae5ccae04172935d8b2d8406723b5a5fadc9db9	modified	modified	7f8e241789173bbf693366d6c240535ba72dd29609b817969951d0793a40b450	recorded-targeted	docs/frontend-architecture/review.md#review-coverage	complete-file-review-outstanding;uncommitted-review-outstanding
frontend/src/components/model-search-action.tsx	source-config	inventoried	frontend-app	source	first-party	d8abfe813b4409e07df13d4682b031b15245ea1d	0751f72d86700508582d97060dee1878ae696b0d	modified	clean	not-applicable	inventory-only	none-reconciled	complete-file-review-outstanding
frontend/src/components/model-tags-dialog.tsx	source-config	inventoried	frontend-app	source	first-party	7d3991430195f759265f1fea049f00562e0f9880	17960963c596ee74c4d878afbbd6e0d27b37e8cf	modified	clean	not-applicable	inventory-only	none-reconciled	complete-file-review-outstanding
frontend/src/components/multipart-model-browser.tsx	source-config	inventoried	frontend-app	source	first-party	b695df6b69d4759750862fa8f63326c513930bbe	6f2a2a2ee5d81fecfcc44ca16b46dac336400612	modified	clean	not-applicable	inventory-only	none-reconciled	complete-file-review-outstanding
frontend/src/components/multipart-model-presentation.tsx	source-config	not-in-historical-ledger	frontend-app	source	first-party	059f4bfd8a10def4e65f55fe558d6464edc10a62	65df764a7123a3d8a8d5623c1cd3c1e77658e64b	modified	clean	not-applicable	inventory-only	none-reconciled	complete-file-review-outstanding
frontend/src/components/new-multipart-model-modal.tsx	source-config	not-in-historical-ledger	frontend-app	source	first-party	8b25f8f4e3530eaa5771441525da5474d647390b	8b25f8f4e3530eaa5771441525da5474d647390b	unchanged	clean	not-applicable	inventory-only	none-reconciled	complete-file-review-outstanding
frontend/src/components/notifications-panel.tsx	source-config	inventoried	frontend-app	source	first-party	e099dd2916a81b4e9d963aa8f34ace992092386e	e099dd2916a81b4e9d963aa8f34ace992092386e	unchanged	clean	not-applicable	inventory-only	none-reconciled	complete-file-review-outstanding
frontend/src/components/oidc-settings-card.tsx	source-config	inventoried	frontend-app	source	first-party	213da7e44162b59312ee5afea9b856e50c1bff66	629aaa90fddaa342ed657d1a94b32157ec34ed8a	modified	clean	not-applicable	recorded-full	docs/frontend-integration-review.md#manual-inspection-in-this-tranche	scope-and-revision-revalidation
frontend/src/components/pdf-viewer.tsx	source-config	inventoried	frontend-app	source	first-party	35ec646047b12b1db090e998d5ca25abedbc0928	35ec646047b12b1db090e998d5ca25abedbc0928	unchanged	clean	not-applicable	recorded-targeted	docs/frontend-architecture/inventory.md#platform-review-record	complete-file-review-outstanding
frontend/src/components/print-history-fields.tsx	source-config	inventoried	frontend-app	source	first-party	3b2aa87be208c8bfca0d7c45a06826c95a76928a	3b2aa87be208c8bfca0d7c45a06826c95a76928a	unchanged	clean	not-applicable	inventory-only	none-reconciled	complete-file-review-outstanding
frontend/src/components/print-job-reproducibility.tsx	source-config	inventoried	frontend-app	source	first-party	4461326bf27471ed1e494ae4317902725a1c335b	4461326bf27471ed1e494ae4317902725a1c335b	unchanged	clean	not-applicable	inventory-only	none-reconciled	complete-file-review-outstanding
frontend/src/components/printer-detail.tsx	source-config	targeted-inspection	frontend-app	source	first-party	f27e4558193cc7aa03dffa428499b7d9dcaa2a85	aec4f59e305f2de29520ac5df928f22df8650a1f	modified	clean	not-applicable	recorded-targeted	docs/frontend-integration-review.md#manual-inspection-in-this-tranche;docs/frontend-architecture/review.md#review-coverage	complete-file-review-outstanding
frontend/src/components/printer-materials.tsx	source-config	inventoried	frontend-app	source	first-party	66cb276c2d0e108e8c1bd11bd99b8e4463966357	66cb276c2d0e108e8c1bd11bd99b8e4463966357	unchanged	clean	not-applicable	inventory-only	none-reconciled	complete-file-review-outstanding
frontend/src/components/printers-list.tsx	source-config	inventoried	frontend-app	source	first-party	395dfafb3c37e267c1734d8c8c780d58bf144e13	395dfafb3c37e267c1734d8c8c780d58bf144e13	unchanged	clean	not-applicable	recorded-targeted	docs/frontend-integration-review.md#manual-inspection-in-this-tranche	complete-file-review-outstanding
frontend/src/components/protected-thumbnail.tsx	source-config	not-in-historical-ledger	frontend-app	source	first-party	absent	acfae126ba9c6bef5a4798293a7ba3375fdf3236	added	clean	not-applicable	inventory-only	none-reconciled	complete-file-review-outstanding
frontend/src/components/provider-connections-panel.tsx	source-config	inventoried	frontend-app	source	first-party	a4fe1542beab420933b9137592859736c34bb0fc	a4fe1542beab420933b9137592859736c34bb0fc	unchanged	clean	not-applicable	inventory-only	none-reconciled	complete-file-review-outstanding
frontend/src/components/remote-storage-connections.tsx	source-config	inventoried	frontend-app	source	first-party	5bfb0573badba1469080c2a978333cac12d4ae4d	975a9b0dfd196782c98393df3f8d9826a1a7988b	modified	clean	not-applicable	inventory-only	none-reconciled	complete-file-review-outstanding
frontend/src/components/saved-view-selector.tsx	source-config	inventoried	frontend-app	source	first-party	57d1d775ab443d97a368ecae34498364c63e8d97	33b28893dba3315107471fdc8ec1c1e45147c7b4	modified	clean	not-applicable	recorded-full	docs/frontend-state-validation.md#exact-additional-manual-sourcetestconfig-ledger;docs/frontend-state-validation.md	scope-and-revision-revalidation
frontend/src/components/search-evidence.tsx	source-config	inventoried	frontend-app	source	first-party	b0ccfeea0e68abea4e665058d5e2b1b67268b4f8	4a60a33cef3cc5e125f4c38c2b1eb8651c75451b	modified	clean	not-applicable	inventory-only	none-reconciled	complete-file-review-outstanding
frontend/src/components/search-filter-controls.tsx	source-config	inventoried	frontend-app	source	first-party	8ce790b70e909d0e541ce74830d2882ecbda3a35	8ce790b70e909d0e541ce74830d2882ecbda3a35	unchanged	clean	not-applicable	inventory-only	none-reconciled	complete-file-review-outstanding
frontend/src/components/search-generation-controls.tsx	source-config	inventoried	frontend-app	source	first-party	a39ff6b2af83545e19555198e22ed3ca894e2d98	03c93ae280280bbfdf4f57805ad4cc3b8f98e2c7	modified	clean	not-applicable	inventory-only	none-reconciled	complete-file-review-outstanding
frontend/src/components/search-image-input.tsx	source-config	inventoried	frontend-app	source	first-party	503d260ef027e9b693fc3fb21c0f908649b422d3	503d260ef027e9b693fc3fb21c0f908649b422d3	unchanged	clean	not-applicable	inventory-only	none-reconciled	complete-file-review-outstanding
frontend/src/components/search-preferences.tsx	source-config	inventoried	frontend-app	source	first-party	c2a36dd84143932e8924350e1d8c8170b4cbd367	c2a49d4a96b68156bb664890be957eb4c6792107	modified	clean	not-applicable	inventory-only	none-reconciled	complete-file-review-outstanding
frontend/src/components/search-saved-views.tsx	source-config	inventoried	frontend-app	source	first-party	3979f89e63337dbaf1f9ef10af19d1ec4cb1286c	3979f89e63337dbaf1f9ef10af19d1ec4cb1286c	unchanged	clean	not-applicable	inventory-only	none-reconciled	complete-file-review-outstanding
frontend/src/components/settings-panel.tsx	source-config	inventoried	frontend-app	source	first-party	eed06ee808512b8a2c0dcdb723b2abc172f41c8e	77ed46695046657587d73004e97748268f733658	modified	modified	573b1ebfed070fb0e2d9ce0a2796ac8cf3257b086e7b7f524a96e0fd79408134	recorded-targeted	docs/frontend-state-validation.md#exact-additional-manual-sourcetestconfig-ledger	complete-file-review-outstanding;uncommitted-review-outstanding
frontend/src/components/setup-folder.tsx	source-config	inventoried	frontend-app	source	first-party	55f3ca4453a2fbfb88db15b2d150f8d9fdfee060	55f3ca4453a2fbfb88db15b2d150f8d9fdfee060	unchanged	clean	not-applicable	recorded-full	docs/frontend-state-validation.md	scope-and-revision-revalidation
frontend/src/components/setup-frame.tsx	source-config	inventoried	frontend-app	source	first-party	1dbdfe8f2a21bb4efb9bcf94e4d83c478f1b54a7	1dbdfe8f2a21bb4efb9bcf94e4d83c478f1b54a7	unchanged	clean	not-applicable	inventory-only	none-reconciled	complete-file-review-outstanding
frontend/src/components/setup-gate.tsx	source-config	inventoried	frontend-app	source	first-party	c84a004f11c9322f31c8055c5a0198bda054ac4b	28a68ede5995774adaf29bb3a605d26df3197b38	modified	clean	not-applicable	recorded-full	docs/frontend-state-validation.md	scope-and-revision-revalidation
frontend/src/components/setup-storage-choice.tsx	source-config	inventoried	frontend-app	source	first-party	fa5397c64caa56951401fa5df4e98581dff640a4	fa5397c64caa56951401fa5df4e98581dff640a4	unchanged	clean	not-applicable	recorded-full	docs/frontend-state-validation.md	scope-and-revision-revalidation
frontend/src/components/setup-unavailable.tsx	source-config	inventoried	frontend-app	source	first-party	92c70ca4fe0da28be1bc41bf64a7c7c85f4f367b	92c70ca4fe0da28be1bc41bf64a7c7c85f4f367b	unchanged	clean	not-applicable	inventory-only	none-reconciled	complete-file-review-outstanding
frontend/src/components/sidebar-nav.tsx	source-config	inventoried	frontend-app	source	first-party	84cd552de74708463bdc02ddcd4c9f610b8f3de2	519c4793320d51401e2d0868f9f5c286868b84fe	modified	clean	not-applicable	inventory-only	none-reconciled	complete-file-review-outstanding
frontend/src/components/similarity-comparison.tsx	source-config	inventoried	frontend-app	source	first-party	f06ecce39a9358485041d3ef1ae436c03c6a3daa	9d56edb845c3bd113242d4ce9c35a0f43f9aa46d	modified	clean	not-applicable	inventory-only	none-reconciled	complete-file-review-outstanding
frontend/src/components/similarity-queue.tsx	source-config	inventoried	frontend-app	source	first-party	a1ed3727289d812b8a6dec78101da2bfa34a5eff	10a92309c16e7d5dd21b6a9f4afcbc259ffb1b32	modified	clean	not-applicable	inventory-only	none-reconciled	complete-file-review-outstanding
frontend/src/components/similarity-search.tsx	source-config	inventoried	frontend-app	source	first-party	5a7637e8e3496a1de852b2248734bdfed6e4a332	73b2b23b89884e0686a841eb185d638642040766	modified	clean	not-applicable	inventory-only	none-reconciled	complete-file-review-outstanding
frontend/src/components/similarity-settings-panel.tsx	source-config	inventoried	frontend-app	source	first-party	c8470151561a9091f8dd85909796be6a5c63dbd8	b39a7ccfc9d9e5bbcc5bfc2b5efb1eaeb2fada5f	modified	clean	not-applicable	inventory-only	none-reconciled	complete-file-review-outstanding
frontend/src/components/slicer-open-button.tsx	source-config	inventoried	frontend-app	source	first-party	7d1b78b3c5f89d175e3ec7c833766eb9b7196164	7d1b78b3c5f89d175e3ec7c833766eb9b7196164	unchanged	clean	not-applicable	inventory-only	none-reconciled	complete-file-review-outstanding
frontend/src/components/spoolman-connect-card.tsx	source-config	inventoried	frontend-app	source	first-party	5ebbdd2d2e4c88056cef508865b359d573d15b90	5ebbdd2d2e4c88056cef508865b359d573d15b90	unchanged	clean	not-applicable	inventory-only	none-reconciled	complete-file-review-outstanding
frontend/src/components/staged-input-recovery.tsx	source-config	inventoried	frontend-app	source	first-party	8df38455a1dba99b71469d28953b18765ebed101	8df38455a1dba99b71469d28953b18765ebed101	unchanged	clean	not-applicable	inventory-only	none-reconciled	complete-file-review-outstanding
frontend/src/components/stl-viewer.tsx	source-config	inventoried	frontend-app	source	first-party	39a589daca958c0d038b97bac322a52fb72fd18c	034f4dfabf41a031d2bd7119735e9767141a267f	modified	clean	not-applicable	inventory-only	none-reconciled	complete-file-review-outstanding
frontend/src/components/storage-config-card.tsx	source-config	inventoried	frontend-app	source	first-party	544f90a386bb524f7b7687219fb21c703269cae7	544f90a386bb524f7b7687219fb21c703269cae7	unchanged	clean	not-applicable	inventory-only	none-reconciled	complete-file-review-outstanding
frontend/src/components/storage-inventory-panel.tsx	source-config	inventoried	frontend-app	source	first-party	6b54a30f7963776af4631c6cd8c8a44ab3c65b17	6b54a30f7963776af4631c6cd8c8a44ab3c65b17	unchanged	clean	not-applicable	inventory-only	none-reconciled	complete-file-review-outstanding
frontend/src/components/storage-provider-fields.tsx	source-config	inventoried	frontend-app	source	first-party	f29b3ff662cb859b3a42cf4ba55030dff2af004b	f29b3ff662cb859b3a42cf4ba55030dff2af004b	unchanged	clean	not-applicable	inventory-only	none-reconciled	complete-file-review-outstanding
frontend/src/components/storage-provider-guidance.tsx	source-config	inventoried	frontend-app	source	first-party	5ca495b4960b4f3258273045bf5aa8c6345f695d	5ca495b4960b4f3258273045bf5aa8c6345f695d	unchanged	clean	not-applicable	inventory-only	none-reconciled	complete-file-review-outstanding
frontend/src/components/storage-provider-picker.tsx	source-config	inventoried	frontend-app	source	first-party	fbb696820c8f7105bbbd8f8907c1e05ab734604b	fbb696820c8f7105bbbd8f8907c1e05ab734604b	unchanged	clean	not-applicable	inventory-only	none-reconciled	complete-file-review-outstanding
frontend/src/components/structured-filters.tsx	source-config	inventoried	frontend-app	source	first-party	756e63690ece262cb0dabc6af8c82ed88cfb2767	756e63690ece262cb0dabc6af8c82ed88cfb2767	unchanged	clean	not-applicable	inventory-only	none-reconciled	complete-file-review-outstanding
frontend/src/components/subject-caption.tsx	source-config	inventoried	frontend-app	source	first-party	84fdef0587bb6f7c28244783f7123a8b4c36b9cb	4fd7091988ff41526c50142e3042a75035bcb0a4	modified	clean	not-applicable	inventory-only	none-reconciled	complete-file-review-outstanding
frontend/src/components/task-list.tsx	source-config	inventoried	frontend-app	source	first-party	20d3098d3788a426c4841c5f3bf638f4839d3d01	20d3098d3788a426c4841c5f3bf638f4839d3d01	unchanged	clean	not-applicable	inventory-only	none-reconciled	complete-file-review-outstanding
frontend/src/components/theme-toggle.tsx	source-config	inventoried	frontend-app	source	first-party	287609f8ce364fd0ec0852865dc68eccf2537c3b	287609f8ce364fd0ec0852865dc68eccf2537c3b	unchanged	clean	not-applicable	recorded-full	docs/frontend-state-validation.md#exact-additional-manual-sourcetestconfig-ledger;docs/frontend-state-validation.md	scope-and-revision-revalidation
frontend/src/components/toaster.tsx	source-config	inventoried	frontend-app	source	first-party	8d16e4c5168a19f87e17598556486a7bde1dd112	8d16e4c5168a19f87e17598556486a7bde1dd112	unchanged	clean	not-applicable	inventory-only	none-reconciled	complete-file-review-outstanding
frontend/src/components/top-bar.tsx	source-config	inventoried	frontend-app	source	first-party	478685046674a93516e926298ab75ada54748463	478685046674a93516e926298ab75ada54748463	unchanged	clean	not-applicable	inventory-only	none-reconciled	complete-file-review-outstanding
frontend/src/components/ui/__tests__/confirm-modal.test.tsx	test-support	inventoried	frontend-app	test	first-party	b9bf7791439647cfcae14e226b92cec94ebe426c	b9bf7791439647cfcae14e226b92cec94ebe426c	unchanged	clean	not-applicable	inventory-only	none-reconciled	complete-file-review-outstanding
frontend/src/components/ui/__tests__/spinner.test.tsx	test-support	inventoried	frontend-app	test	first-party	a0fcc73476bcb9b7b67852ab2b04eb75d20240c7	a0fcc73476bcb9b7b67852ab2b04eb75d20240c7	unchanged	clean	not-applicable	inventory-only	none-reconciled	complete-file-review-outstanding
frontend/src/components/ui/badge.tsx	source-config	inventoried	frontend-app	source	first-party	b64aceb46d0c4556c88bd099125bbd0e2e4a86d1	b64aceb46d0c4556c88bd099125bbd0e2e4a86d1	unchanged	clean	not-applicable	inventory-only	none-reconciled	complete-file-review-outstanding
frontend/src/components/ui/button.tsx	source-config	inventoried	frontend-app	source	first-party	e01631b9c18950b59ee8b2fcf262687ec0cd7679	e01631b9c18950b59ee8b2fcf262687ec0cd7679	unchanged	clean	not-applicable	inventory-only	none-reconciled	complete-file-review-outstanding
frontend/src/components/ui/card.tsx	source-config	inventoried	frontend-app	source	first-party	594065c4494341d7403bcc9b6e9afdb1ec7ec316	594065c4494341d7403bcc9b6e9afdb1ec7ec316	unchanged	clean	not-applicable	inventory-only	none-reconciled	complete-file-review-outstanding
frontend/src/components/ui/checkbox.tsx	source-config	inventoried	frontend-app	source	first-party	ef0e81b4ed44207518e3b18fdd5d6cccc58c9ab8	ef0e81b4ed44207518e3b18fdd5d6cccc58c9ab8	unchanged	clean	not-applicable	inventory-only	none-reconciled	complete-file-review-outstanding
frontend/src/components/ui/confirm-modal.tsx	source-config	inventoried	frontend-app	source	first-party	e2c21a8f38cc910d04d8b2f8f2d51e60b7f2d306	e2c21a8f38cc910d04d8b2f8f2d51e60b7f2d306	unchanged	clean	not-applicable	recorded-full	docs/frontend-state-validation.md	scope-and-revision-revalidation
frontend/src/components/ui/drawer.tsx	source-config	inventoried	frontend-app	source	first-party	a892f8034a15b4845d1522285bd51995f135d5e4	a892f8034a15b4845d1522285bd51995f135d5e4	unchanged	clean	not-applicable	inventory-only	none-reconciled	complete-file-review-outstanding
frontend/src/components/ui/dropdown-menu.tsx	source-config	inventoried	frontend-app	source	first-party	c0a51a59809b0645afa1fbf1a57a072e0c0517b0	c0a51a59809b0645afa1fbf1a57a072e0c0517b0	unchanged	clean	not-applicable	inventory-only	none-reconciled	complete-file-review-outstanding
frontend/src/components/ui/empty-state.tsx	source-config	inventoried	frontend-app	source	first-party	94ff877c80bdc53d7200e6478d58129253c07844	94ff877c80bdc53d7200e6478d58129253c07844	unchanged	clean	not-applicable	inventory-only	none-reconciled	complete-file-review-outstanding
frontend/src/components/ui/input.tsx	source-config	inventoried	frontend-app	source	first-party	64f98cb96a6b57ed4f1e91b62f5b49d0fd6bf862	64f98cb96a6b57ed4f1e91b62f5b49d0fd6bf862	unchanged	clean	not-applicable	inventory-only	none-reconciled	complete-file-review-outstanding
frontend/src/components/ui/localized.tsx	source-config	inventoried	frontend-app	source	first-party	c4fe2f8afd7e23f569b3b6e6e091199d65d809db	c4fe2f8afd7e23f569b3b6e6e091199d65d809db	unchanged	clean	not-applicable	inventory-only	none-reconciled	complete-file-review-outstanding
frontend/src/components/ui/modal.tsx	source-config	inventoried	frontend-app	source	first-party	37012759675cf2626494462ae9470d1ac948da88	37012759675cf2626494462ae9470d1ac948da88	unchanged	clean	not-applicable	recorded-full	docs/frontend-state-validation.md	scope-and-revision-revalidation
frontend/src/components/ui/page-container.tsx	source-config	inventoried	frontend-app	source	first-party	ec8ee7740757c374c59ed645f6487422d89cecbf	ec8ee7740757c374c59ed645f6487422d89cecbf	unchanged	clean	not-applicable	inventory-only	none-reconciled	complete-file-review-outstanding
frontend/src/components/ui/page-header.tsx	source-config	inventoried	frontend-app	source	first-party	d326949eaeb983a7722e7c4aec9db41e4dc2b7af	d326949eaeb983a7722e7c4aec9db41e4dc2b7af	unchanged	clean	not-applicable	inventory-only	none-reconciled	complete-file-review-outstanding
frontend/src/components/ui/separator.tsx	source-config	inventoried	frontend-app	source	first-party	6cc9730752574156760c3769da8480a3021ce499	6cc9730752574156760c3769da8480a3021ce499	unchanged	clean	not-applicable	inventory-only	none-reconciled	complete-file-review-outstanding
frontend/src/components/ui/skeleton.tsx	source-config	inventoried	frontend-app	source	first-party	ae0b9be7c744167b27dedc677c29a768fce0c2ba	ae0b9be7c744167b27dedc677c29a768fce0c2ba	unchanged	clean	not-applicable	inventory-only	none-reconciled	complete-file-review-outstanding
frontend/src/components/ui/spinner.tsx	source-config	inventoried	frontend-app	source	first-party	b0b747c674ef57a615f88bdf356d3b4bd6e39801	b0b747c674ef57a615f88bdf356d3b4bd6e39801	unchanged	clean	not-applicable	recorded-full	docs/frontend-state-validation.md	scope-and-revision-revalidation
frontend/src/components/ui/tabs.tsx	source-config	inventoried	frontend-app	source	first-party	b7c3a69ce0ac4df0b82df67b8b697e97a27c3b25	b7c3a69ce0ac4df0b82df67b8b697e97a27c3b25	unchanged	clean	not-applicable	inventory-only	none-reconciled	complete-file-review-outstanding
frontend/src/components/upload-modal.tsx	source-config	inventoried	frontend-app	source	first-party	dbcdcd1e167fe47de624b0091f35c3656e80aaf6	dbcdcd1e167fe47de624b0091f35c3656e80aaf6	unchanged	modified	be49c510847fb55f77f69dad8b9a3769be8a3a4920e156309e2eceded1ed8133	inventory-only	none-reconciled	complete-file-review-outstanding;uncommitted-review-outstanding
frontend/src/components/vault-migration-panel.tsx	source-config	inventoried	frontend-app	source	first-party	65c4fea09a581f70c94b4d78881e78bc92f5b145	65c4fea09a581f70c94b4d78881e78bc92f5b145	unchanged	clean	not-applicable	inventory-only	none-reconciled	complete-file-review-outstanding
frontend/src/features/auth/__tests__/entry.test.tsx	test-support	not-in-historical-ledger	frontend-app	test	first-party	absent	8dea020cdfb11fabe33e1307dcaebc49b5396855	added	clean	not-applicable	recorded-full	docs/frontend-state-validation.md	scope-and-revision-revalidation
frontend/src/features/auth/entry.ts	source-config	not-in-historical-ledger	frontend-app	source	first-party	absent	0e26fed5c08abf87ffa5bb641230e3d9050a8f89	added	clean	not-applicable	recorded-full	docs/frontend-state-validation.md	scope-and-revision-revalidation
frontend/src/features/library/__tests__/authority.test.tsx	test-support	not-in-historical-ledger	frontend-app	test	first-party	absent	b03d9db4f9c72704056e211bbf8c7b86a3136e05	added	clean	not-applicable	inventory-only	none-reconciled	complete-file-review-outstanding
frontend/src/features/library/__tests__/batch-edits.test.tsx	test-support	not-in-historical-ledger	frontend-app	test	first-party	absent	5e17a9ad6a1141b109970ee0b8eaf2327d96756b	added	clean	not-applicable	inventory-only	none-reconciled	complete-file-review-outstanding
frontend/src/features/library/__tests__/browse.test.tsx	test-support	not-in-historical-ledger	frontend-app	test	first-party	absent	9704a3b41af9d3c999009f8bfcf5c14c647a93b8	added	clean	not-applicable	inventory-only	none-reconciled	complete-file-review-outstanding
frontend/src/features/library/__tests__/filters.test.ts	test-support	not-in-historical-ledger	frontend-app	test	first-party	absent	cb64c3e9df6879752d16f7394d745d65986dcc0c	added	clean	not-applicable	inventory-only	none-reconciled	complete-file-review-outstanding
frontend/src/features/library/__tests__/model-detail.test.tsx	test-support	not-in-historical-ledger	frontend-app	test	first-party	absent	e5ec3fd7d2b9951afcc41da38408a74a4a570c0a	added	clean	not-applicable	inventory-only	none-reconciled	complete-file-review-outstanding
frontend/src/features/library/__tests__/multipart.test.tsx	test-support	not-in-historical-ledger	frontend-app	test	first-party	absent	1545986e568ed83093ad3901dceb61f362d107a2	added	clean	not-applicable	inventory-only	none-reconciled	complete-file-review-outstanding
frontend/src/features/library/__tests__/mutations.test.tsx	test-support	not-in-historical-ledger	frontend-app	test	first-party	absent	8465b97c3468acf1c2f23ee53f6cacd211d357c7	added	clean	not-applicable	inventory-only	none-reconciled	complete-file-review-outstanding
frontend/src/features/library/__tests__/navigation-state.test.tsx	test-support	not-in-historical-ledger	frontend-app	test	first-party	absent	51b5f24698d314e05097b6e11198eceb134df266	added	clean	not-applicable	inventory-only	none-reconciled	complete-file-review-outstanding
frontend/src/features/library/__tests__/navigation.test.tsx	test-support	not-in-historical-ledger	frontend-app	test	first-party	absent	4d5e74535ec090528e8a99299392f001af5b5791	added	clean	not-applicable	inventory-only	none-reconciled	complete-file-review-outstanding
frontend/src/features/library/__tests__/reading-position.test.tsx	test-support	not-in-historical-ledger	frontend-app	test	first-party	absent	b1545b493400acd6b9eee66332b3080c40fb66fe	added	clean	not-applicable	inventory-only	none-reconciled	complete-file-review-outstanding
frontend/src/features/library/__tests__/saved-views.test.tsx	test-support	not-in-historical-ledger	frontend-app	test	first-party	absent	810d5d2ae58344a5bd08f6423b679c1a3e737f73	added	clean	not-applicable	inventory-only	none-reconciled	complete-file-review-outstanding
frontend/src/features/library/__tests__/thumbnails.test.tsx	test-support	not-in-historical-ledger	frontend-app	test	first-party	absent	f3841f8eb48a75d41cf6a0a1933409c4992d9260	added	clean	not-applicable	inventory-only	none-reconciled	complete-file-review-outstanding
frontend/src/features/library/__tests__/url.test.ts	test-support	not-in-historical-ledger	frontend-app	test	first-party	absent	3641ab2b2c4291adc24ea9d95f8cadd82840de42	added	clean	not-applicable	inventory-only	none-reconciled	complete-file-review-outstanding
frontend/src/features/library/authority.ts	source-config	not-in-historical-ledger	frontend-app	source	first-party	absent	bd2499da5eff3a6d64232aae81d49f7ee5f6b9cd	added	clean	not-applicable	inventory-only	none-reconciled	complete-file-review-outstanding
frontend/src/features/library/batch-edits.ts	source-config	not-in-historical-ledger	frontend-app	source	first-party	absent	665013de5c3badb4904fd80fb4ffa0b91faa3d02	added	clean	not-applicable	recorded-full	docs/frontend-state-validation.md	scope-and-revision-revalidation
frontend/src/features/library/browse.ts	source-config	not-in-historical-ledger	frontend-app	source	first-party	absent	c9ff1e2c6d72420a87fe2dfb61a2d10fa484ea12	added	clean	not-applicable	inventory-only	none-reconciled	complete-file-review-outstanding
frontend/src/features/library/filters.ts	source-config	not-in-historical-ledger	frontend-app	source	first-party	absent	0a63bdf0fb94e202a5bbb8ba247879e0b15e89ce	added	clean	not-applicable	inventory-only	none-reconciled	complete-file-review-outstanding
frontend/src/features/library/model-detail.ts	source-config	not-in-historical-ledger	frontend-app	source	first-party	absent	f9a7c8ead3b265c866b3d0288fb2c915f1077509	added	clean	not-applicable	recorded-full	docs/frontend-state-validation.md	scope-and-revision-revalidation
frontend/src/features/library/multipart.ts	source-config	not-in-historical-ledger	frontend-app	source	first-party	absent	07de645bdeb6f7985145e653a002fab3457909c8	added	clean	not-applicable	recorded-full	docs/frontend-state-validation.md	scope-and-revision-revalidation
frontend/src/features/library/mutations.ts	source-config	not-in-historical-ledger	frontend-app	source	first-party	absent	6f2a395b3d865ab4312b129229d685b2322daf04	added	clean	not-applicable	recorded-full	docs/frontend-state-validation.md	scope-and-revision-revalidation
frontend/src/features/library/navigation-state.ts	source-config	not-in-historical-ledger	frontend-app	source	first-party	absent	fb7b9a082e530b38b9f4f5b0ecd3bb66b138093a	added	clean	not-applicable	inventory-only	none-reconciled	complete-file-review-outstanding
frontend/src/features/library/navigation.tsx	source-config	not-in-historical-ledger	frontend-app	source	first-party	absent	b5fd33d06094a5f6bd2d13460b24e0f4fd321a90	added	clean	not-applicable	inventory-only	none-reconciled	complete-file-review-outstanding
frontend/src/features/library/reading-position.ts	source-config	not-in-historical-ledger	frontend-app	source	first-party	absent	40e9fd347f0f97f7183da5f61d8dcf217d2f3461	added	clean	not-applicable	inventory-only	none-reconciled	complete-file-review-outstanding
frontend/src/features/library/saved-views.ts	source-config	not-in-historical-ledger	frontend-app	source	first-party	absent	0d505b3d744a233ee56abefdd44fa805cc964c32	added	clean	not-applicable	inventory-only	none-reconciled	complete-file-review-outstanding
frontend/src/features/library/thumbnails.ts	source-config	not-in-historical-ledger	frontend-app	source	first-party	absent	db0398240836264fdf8787b9fa9bbd5d5de48674	added	clean	not-applicable	inventory-only	none-reconciled	complete-file-review-outstanding
frontend/src/features/library/url.ts	source-config	not-in-historical-ledger	frontend-app	source	first-party	absent	9bc0cb9e99760256e86d3ade08888ee09c63d566	added	clean	not-applicable	inventory-only	none-reconciled	complete-file-review-outstanding
frontend/src/features/printers/__tests__/queries.test.tsx	test-support	not-in-historical-ledger	frontend-app	test	first-party	absent	b066369033ff64803c7ef3797c242c44093f027e	added	clean	not-applicable	inventory-only	none-reconciled	complete-file-review-outstanding
frontend/src/features/printers/queries.ts	source-config	not-in-historical-ledger	frontend-app	source	first-party	absent	4114f114ae282686ff3ce1daa74405c781be3359	added	clean	not-applicable	inventory-only	none-reconciled	complete-file-review-outstanding
frontend/src/features/setup/__tests__/entry.test.ts	test-support	not-in-historical-ledger	frontend-app	test	first-party	absent	70c09e35c8e2db526b23e8a6b74da51a2d8132f3	added	clean	not-applicable	recorded-full	docs/frontend-state-validation.md	scope-and-revision-revalidation
frontend/src/features/setup/entry.ts	source-config	not-in-historical-ledger	frontend-app	source	first-party	absent	6ffd111e8a0b0fb581825dbaefbff41db0f4eb5f	added	clean	not-applicable	recorded-full	docs/frontend-state-validation.md	scope-and-revision-revalidation
frontend/src/features/work/__tests__/queries.test.tsx	test-support	not-in-historical-ledger	frontend-app	test	first-party	absent	e90c79b3e81b4c64cd3c983d0b19cf1b031cd5c9	added	clean	not-applicable	recorded-full	docs/frontend-state-validation.md	scope-and-revision-revalidation
frontend/src/features/work/queries.ts	source-config	not-in-historical-ledger	frontend-app	source	first-party	absent	aa89ab491ce9f912b009a683676044601004dcc5	added	clean	not-applicable	recorded-full	docs/frontend-state-validation.md	scope-and-revision-revalidation
frontend/src/fonts.css	source-config	inventoried	frontend-app	source	first-party	69689b00afe13ddd1cb274319fe618126824fbd7	69689b00afe13ddd1cb274319fe618126824fbd7	unchanged	clean	not-applicable	inventory-only	none-reconciled	complete-file-review-outstanding
frontend/src/generated/__tests__/printer-contracts.test.ts	generated-or-lock	metadata-only	frontend-app	generated-contract	metadata-only	545d950f845eaedc9b39dd07be87af3e573b3fe5	545d950f845eaedc9b39dd07be87af3e573b3fe5	unchanged	clean	not-applicable	metadata-only	none-reconciled	provenance-only
frontend/src/generated/printer-contracts.ts	generated-or-lock	metadata-only	frontend-app	generated-contract	metadata-only	f05e08540e318cf337a749205faf275f3efcd0c5	f05e08540e318cf337a749205faf275f3efcd0c5	unchanged	clean	not-applicable	metadata-only	none-reconciled	provenance-only
frontend/src/globals.css	source-config	inventoried	frontend-app	source	first-party	d4496db6e66f0f2e4dfc25deef18e62c51329015	d4496db6e66f0f2e4dfc25deef18e62c51329015	unchanged	clean	not-applicable	inventory-only	none-reconciled	complete-file-review-outstanding
frontend/src/lib/__tests__/artifact-upload.test.ts	test-support	inventoried	frontend-app	test	first-party	86bb4b54511b15d6ea2d452aea255173c6df57e3	a39a2dca2e0b93e7f570c181badc8a2328c4268e	modified	clean	not-applicable	inventory-only	none-reconciled	complete-file-review-outstanding
frontend/src/lib/__tests__/asset-cache.test.ts	test-support	inventoried	frontend-app	test	first-party	6641810cbf23f671e774b28c429a04f12128173e	0d2f63feb71cb93e9d8d72f71e3704fac7f859d7	modified	clean	not-applicable	inventory-only	none-reconciled	complete-file-review-outstanding
frontend/src/lib/__tests__/auth-context.test.tsx	test-support	inventoried	frontend-app	test	first-party	323107c9208dce1c18d2755f9b0b5f891dcbb3ef	323107c9208dce1c18d2755f9b0b5f891dcbb3ef	unchanged	clean	not-applicable	recorded-full	docs/frontend-state-validation.md	scope-and-revision-revalidation
frontend/src/lib/__tests__/auth-provider.test.tsx	test-support	inventoried	frontend-app	test	first-party	ab4560c870d785ea0e96bc298fe1f8662baa6e76	bb2315a52e6268dde134783852d324fc17d546a2	modified	clean	not-applicable	recorded-full	docs/frontend-state-validation.md	scope-and-revision-revalidation
frontend/src/lib/__tests__/auth-store.test.ts	test-support	inventoried	frontend-app	test	first-party	31fc66a9d109b66e7ca52ba70b0f24d902341473	8df39ae72652266f8c03c3561ccbf4b3ef0774bc	modified	clean	not-applicable	inventory-only	none-reconciled	complete-file-review-outstanding
frontend/src/lib/__tests__/browser-extension-setup.test.ts	test-support	inventoried	frontend-app	test	first-party	83d5a337b081f05c644cf6f246ddb1ee6d54eb1e	09b3120cc93b39bb88a50cbcc5dd190b72393b16	modified	clean	not-applicable	inventory-only	none-reconciled	complete-file-review-outstanding
frontend/src/lib/__tests__/bulk-upload.test.ts	test-support	inventoried	frontend-app	test	first-party	3c2b949c68186e100acf887fe31b5ab1687b4abf	3c2b949c68186e100acf887fe31b5ab1687b4abf	unchanged	clean	not-applicable	inventory-only	none-reconciled	complete-file-review-outstanding
frontend/src/lib/__tests__/changelog.test.ts	test-support	inventoried	frontend-app	test	first-party	f112da66525cc8a5fa716bc22b2de04012dd8e8b	f112da66525cc8a5fa716bc22b2de04012dd8e8b	unchanged	clean	not-applicable	inventory-only	none-reconciled	complete-file-review-outstanding
frontend/src/lib/__tests__/collection-tree.test.ts	test-support	inventoried	frontend-app	test	first-party	a69cc974c8338d84c1aefb44f997a13279849412	a69cc974c8338d84c1aefb44f997a13279849412	unchanged	clean	not-applicable	inventory-only	none-reconciled	complete-file-review-outstanding
frontend/src/lib/__tests__/comparison-camera.test.ts	test-support	inventoried	frontend-app	test	first-party	eba8a97692b25224380fe7c0aac2a555e36f727b	eba8a97692b25224380fe7c0aac2a555e36f727b	unchanged	clean	not-applicable	inventory-only	none-reconciled	complete-file-review-outstanding
frontend/src/lib/__tests__/completion-chained-polling.test.ts	test-support	inventoried	frontend-app	test	first-party	78a42c0bc7838ef747758fbe279a712523646ffd	78a42c0bc7838ef747758fbe279a712523646ffd	unchanged	clean	not-applicable	inventory-only	none-reconciled	complete-file-review-outstanding
frontend/src/lib/__tests__/errors.test.ts	test-support	inventoried	frontend-app	test	first-party	db2af881e68c744c4e4584015bdc7b54eb9f93cc	db2af881e68c744c4e4584015bdc7b54eb9f93cc	unchanged	clean	not-applicable	inventory-only	none-reconciled	complete-file-review-outstanding
frontend/src/lib/__tests__/events.test.ts	test-support	inventoried	frontend-app	test	first-party	731f4d92e22ef670f85f3dbe9d313933b13f6333	6db24e344822c16dc58ab2e8c5643bf9e971f09a	modified	clean	not-applicable	inventory-only	none-reconciled	complete-file-review-outstanding
frontend/src/lib/__tests__/filter-labels.test.ts	test-support	inventoried	frontend-app	test	first-party	a83d276fa6171e1dadd792c18e2252dd62043c80	a83d276fa6171e1dadd792c18e2252dd62043c80	unchanged	clean	not-applicable	inventory-only	none-reconciled	complete-file-review-outstanding
frontend/src/lib/__tests__/format.test.ts	test-support	inventoried	frontend-app	test	first-party	5691cfd9cce20ea825bbae4674b914582b204809	5691cfd9cce20ea825bbae4674b914582b204809	unchanged	clean	not-applicable	inventory-only	none-reconciled	complete-file-review-outstanding
frontend/src/lib/__tests__/gcode-arcs.test.ts	test-support	inventoried	frontend-app	test	first-party	e57e77731181f835afcc67f22ff8a64787e1ac6a	e57e77731181f835afcc67f22ff8a64787e1ac6a	unchanged	clean	not-applicable	inventory-only	none-reconciled	complete-file-review-outstanding
frontend/src/lib/__tests__/gcode-worker-client.test.ts	test-support	inventoried	frontend-app	test	first-party	92e79e6d44c48c645550fe5eac7e20aa4bb900c9	92e79e6d44c48c645550fe5eac7e20aa4bb900c9	unchanged	clean	not-applicable	inventory-only	none-reconciled	complete-file-review-outstanding
frontend/src/lib/__tests__/gcode.test.ts	test-support	inventoried	frontend-app	test	first-party	cd389ead786edbd4cd18b578bb533702149c83a6	cd389ead786edbd4cd18b578bb533702149c83a6	unchanged	clean	not-applicable	inventory-only	none-reconciled	complete-file-review-outstanding
frontend/src/lib/__tests__/i18n.test.tsx	test-support	inventoried	frontend-app	test	first-party	675e751df9982ced6779d4f89bcae12bf2bfe343	675e751df9982ced6779d4f89bcae12bf2bfe343	unchanged	clean	not-applicable	recorded-full	docs/frontend-state-validation.md#exact-additional-manual-sourcetestconfig-ledger;docs/frontend-state-validation.md	scope-and-revision-revalidation
frontend/src/lib/__tests__/lazy-component.test.tsx	test-support	not-in-historical-ledger	frontend-app	test	first-party	71c63bff78a9100bc6b74fcaf1d2838338e85fbe	f9934b18237f702ab322172e2fcfcfba3cae4a9d	modified	clean	not-applicable	recorded-full	docs/frontend-state-validation.md#exact-additional-manual-sourcetestconfig-ledger;docs/frontend-state-validation.md	scope-and-revision-revalidation
frontend/src/lib/__tests__/library-startup-provider.test.tsx	test-support	not-in-historical-ledger	frontend-app	test	first-party	246bf5a7052fde34dee4c8b9a8304563868d2be5	246bf5a7052fde34dee4c8b9a8304563868d2be5	unchanged	clean	not-applicable	inventory-only	none-reconciled	complete-file-review-outstanding
frontend/src/lib/__tests__/locale.test.ts	test-support	inventoried	frontend-app	test	first-party	09cf2cf023f02b3476fa41a5101a0fda5dce69c8	09cf2cf023f02b3476fa41a5101a0fda5dce69c8	unchanged	clean	not-applicable	recorded-full	docs/frontend-state-validation.md#exact-additional-manual-sourcetestconfig-ledger;docs/frontend-state-validation.md	scope-and-revision-revalidation
frontend/src/lib/__tests__/navigation.test.tsx	test-support	inventoried	frontend-app	test	first-party	26a40ca6ae3caa2beb2d8352a5b1d71e0f55796e	26a40ca6ae3caa2beb2d8352a5b1d71e0f55796e	unchanged	modified	6d3fa4f15343c3b66bf31f7f900aa8cc64cdcb67b34779ca69daaa28c41f7164	inventory-only	none-reconciled	complete-file-review-outstanding;uncommitted-review-outstanding
frontend/src/lib/__tests__/orca-printer-images.test.ts	test-support	inventoried	frontend-app	test	first-party	b8d73989511c3defa75b15e966fc23e8310bedf2	b8d73989511c3defa75b15e966fc23e8310bedf2	unchanged	clean	not-applicable	inventory-only	none-reconciled	complete-file-review-outstanding
frontend/src/lib/__tests__/overlay.test.tsx	test-support	inventoried	frontend-app	test	first-party	548d81896aaded9c45fe17b9abf810058a90244b	548d81896aaded9c45fe17b9abf810058a90244b	unchanged	clean	not-applicable	inventory-only	none-reconciled	complete-file-review-outstanding
frontend/src/lib/__tests__/preview-preferences.test.ts	test-support	inventoried	frontend-app	test	first-party	c75c62dc767fc898349336ee16179c9bb3660fd7	22d36fa6f5f098ed8ba9d31f0d6d90f26f5fe1e7	modified	clean	not-applicable	recorded-full	docs/frontend-state-validation.md	scope-and-revision-revalidation
frontend/src/lib/__tests__/printer-card-display.test.tsx	test-support	not-in-historical-ledger	frontend-app	test	first-party	absent	8e3a327c041bb87aeed23dae6e1c79d6b4839fa2	added	clean	not-applicable	inventory-only	none-reconciled	complete-file-review-outstanding
frontend/src/lib/__tests__/printer-providers.test.ts	test-support	inventoried	frontend-app	test	first-party	c6dc15d16cc200ac25683b5643aade7c6b305065	c6dc15d16cc200ac25683b5643aade7c6b305065	unchanged	clean	not-applicable	inventory-only	none-reconciled	complete-file-review-outstanding
frontend/src/lib/__tests__/pwa.test.ts	test-support	inventoried	frontend-app	test	first-party	55729f8e37bf5c2a686242664a96b991c0e9c53c	55729f8e37bf5c2a686242664a96b991c0e9c53c	unchanged	clean	not-applicable	recorded-full	docs/frontend-integration-review.md#manual-inspection-in-this-tranche;docs/frontend-state-validation.md	scope-and-revision-revalidation
frontend/src/lib/__tests__/queries.test.tsx	test-support	inventoried	frontend-app	test	first-party	0b60412249c8da195edfc414795fb160425c6c70	e72cff575804ca323053b2ab5d1ee03dd516c45c	modified	clean	not-applicable	inventory-only	none-reconciled	complete-file-review-outstanding
frontend/src/lib/__tests__/queries/outliner.test.tsx	test-support	inventoried	frontend-app	test	first-party	a1354ff10fe442d2b36e061237bcc7ebd9366e32	a1354ff10fe442d2b36e061237bcc7ebd9366e32	unchanged	clean	not-applicable	inventory-only	none-reconciled	complete-file-review-outstanding
frontend/src/lib/__tests__/query-client.test.ts	test-support	inventoried	frontend-app	test	first-party	9a977f681958291bb8d1590eff0e92984fa85ee5	eb2d8dd7882f564febf15ae938c0f570c7fc2ef3	modified	clean	not-applicable	inventory-only	none-reconciled	complete-file-review-outstanding
frontend/src/lib/__tests__/search-filters.test.ts	test-support	inventoried	frontend-app	test	first-party	d7ea72ab209a5b4278e740c75d6112bc8c37a162	af48a930d6a8cddfd112b344d0b11aa2fce86343	modified	clean	not-applicable	inventory-only	none-reconciled	complete-file-review-outstanding
frontend/src/lib/__tests__/session-transport.test.ts	test-support	not-in-historical-ledger	frontend-app	test	first-party	absent	05cf17816e8242de4ac0548cf645af5f55177584	added	clean	not-applicable	inventory-only	none-reconciled	complete-file-review-outstanding
frontend/src/lib/__tests__/setup-storage.test.ts	test-support	inventoried	frontend-app	test	first-party	1c10c3e07da3ec353fab1645cc143dc41279d8f5	1c10c3e07da3ec353fab1645cc143dc41279d8f5	unchanged	clean	not-applicable	inventory-only	none-reconciled	complete-file-review-outstanding
frontend/src/lib/__tests__/similarity.test.ts	test-support	inventoried	frontend-app	test	first-party	751a4cf7e15bb0ec9620d08d662087d9b87765d0	751a4cf7e15bb0ec9620d08d662087d9b87765d0	unchanged	clean	not-applicable	inventory-only	none-reconciled	complete-file-review-outstanding
frontend/src/lib/__tests__/storage-operations.test.ts	test-support	inventoried	frontend-app	test	first-party	d80bb26c2139b66fb64de080f5f49577ecd634f6	d80bb26c2139b66fb64de080f5f49577ecd634f6	unchanged	clean	not-applicable	inventory-only	none-reconciled	complete-file-review-outstanding
frontend/src/lib/__tests__/storage-provider-form.test.ts	test-support	inventoried	frontend-app	test	first-party	dfb6000ac6f3a56251c3e7e01bad88d96c5b8d85	dfb6000ac6f3a56251c3e7e01bad88d96c5b8d85	unchanged	clean	not-applicable	inventory-only	none-reconciled	complete-file-review-outstanding
frontend/src/lib/__tests__/task-center.test.ts	test-support	inventoried	frontend-app	test	first-party	7227c9a17ab1434f0d1579544796f1fd357f3b7f	98c3bdcbef1201089f53c98f04f53675c1f45d7f	modified	clean	not-applicable	inventory-only	none-reconciled	complete-file-review-outstanding
frontend/src/lib/__tests__/thumbnail-camera.test.ts	test-support	inventoried	frontend-app	test	first-party	a8b618a731d2009b9a8b010e10444aee2283a9a3	a8b618a731d2009b9a8b010e10444aee2283a9a3	unchanged	clean	not-applicable	inventory-only	none-reconciled	complete-file-review-outstanding
frontend/src/lib/__tests__/toast.test.tsx	test-support	inventoried	frontend-app	test	first-party	a00d506a7bcf22022163c2223a271b9efbf0a5de	a00d506a7bcf22022163c2223a271b9efbf0a5de	unchanged	clean	not-applicable	inventory-only	none-reconciled	complete-file-review-outstanding
frontend/src/lib/__tests__/use-authenticated-asset-url.test.tsx	test-support	not-in-historical-ledger	frontend-app	test	first-party	absent	c5cd78810f42e118e092fbc5c52ab881f6dfe72b	added	clean	not-applicable	inventory-only	none-reconciled	complete-file-review-outstanding
frontend/src/lib/__tests__/use-startup-thumbnails.test.tsx	test-support	not-in-historical-ledger	frontend-app	test	first-party	b3abf2e1b1be48a933793e9bc2ba9e8a9c017708	b3abf2e1b1be48a933793e9bc2ba9e8a9c017708	unchanged	clean	not-applicable	inventory-only	none-reconciled	complete-file-review-outstanding
frontend/src/lib/__tests__/use-stl-preview.test.ts	test-support	inventoried	frontend-app	test	first-party	8631aa9f8d6cd5da778c95e7cb5edd4a2a838770	eb77073db2d5a9504fe772d94e4b47685161061a	modified	clean	not-applicable	inventory-only	none-reconciled	complete-file-review-outstanding
frontend/src/lib/__tests__/use-thumbnail-arrivals.test.ts	test-support	inventoried	frontend-app	test	first-party	5269c1fa5e4416914baf01435bddb28ea04e3879	5269c1fa5e4416914baf01435bddb28ea04e3879	unchanged	clean	not-applicable	inventory-only	none-reconciled	complete-file-review-outstanding
frontend/src/lib/__tests__/use-viewer-readiness.test.tsx	test-support	inventoried	frontend-app	test	first-party	98ca294b81ad21c71fb9a2626166ccf75bcdee89	98ca294b81ad21c71fb9a2626166ccf75bcdee89	unchanged	clean	not-applicable	inventory-only	none-reconciled	complete-file-review-outstanding
frontend/src/lib/__tests__/use-viewport-admission.test.tsx	test-support	not-in-historical-ledger	frontend-app	test	first-party	absent	2b61339faae1ec4b3b715678e2e833f60ed62cac	added	clean	not-applicable	inventory-only	none-reconciled	complete-file-review-outstanding
frontend/src/lib/api/__tests__/_wire.ts	test-support	inventoried	frontend-app	test	first-party	6ecede24d0838700100d1ce655e511a39e5a2212	6ecede24d0838700100d1ce655e511a39e5a2212	unchanged	clean	not-applicable	inventory-only	none-reconciled	complete-file-review-outstanding
frontend/src/lib/api/__tests__/artifact-cache.test.ts	test-support	inventoried	frontend-app	test	first-party	afaa6f63815b06bc2df8912857f93a1cfebe7dd5	afaa6f63815b06bc2df8912857f93a1cfebe7dd5	unchanged	clean	not-applicable	recorded-full	docs/frontend-state-validation.md#exact-additional-manual-sourcetestconfig-ledger;docs/frontend-state-validation.md	scope-and-revision-revalidation
frontend/src/lib/api/__tests__/artifact-uploads.test.ts	test-support	inventoried	frontend-app	test	first-party	9a37f4159c5dc670ef32f8a3cba1217e2d7df951	98f17603d20fa105a89e4b56a0577fa14d8a4739	modified	clean	not-applicable	inventory-only	none-reconciled	complete-file-review-outstanding
frontend/src/lib/api/__tests__/auth.test.ts	test-support	inventoried	frontend-app	test	first-party	577d6f20625533c98e6d12ab3e4c33a5f76b15c1	49beff1800dde009edb7f0ea12d21544147eb97a	modified	clean	not-applicable	recorded-full	docs/frontend-state-validation.md	scope-and-revision-revalidation
frontend/src/lib/api/__tests__/backup.test.ts	test-support	inventoried	frontend-app	test	first-party	dfde441644f844601b264e38aae9d266aec04895	c45da5a487205faffc436f2103127073f0a1327f	modified	clean	not-applicable	inventory-only	none-reconciled	complete-file-review-outstanding
frontend/src/lib/api/__tests__/captions.test.ts	test-support	not-in-historical-ledger	frontend-app	test	first-party	absent	99af64962b1e480d46f5324c4a093c150b13410a	added	clean	not-applicable	inventory-only	none-reconciled	complete-file-review-outstanding
frontend/src/lib/api/__tests__/config.test.ts	test-support	inventoried	frontend-app	test	first-party	d902cbc0d37fe47c60eaf9f06e23f9719493dd5e	c6636cf2f622d6165030c504951d1d5cf5e9c834	modified	clean	not-applicable	recorded-full	docs/frontend-state-validation.md	scope-and-revision-revalidation
frontend/src/lib/api/__tests__/documents.test.ts	test-support	inventoried	frontend-app	test	first-party	06d235bbef50a454f764362f03ba5c3836634113	58fd693b3137ee15ddf8867d437d34de9eab7584	modified	clean	not-applicable	inventory-only	none-reconciled	complete-file-review-outstanding
frontend/src/lib/api/__tests__/filaments.test.ts	test-support	inventoried	frontend-app	test	first-party	425053f6597ed32fa3d9e8b2d53c2d9087e7a1f8	425053f6597ed32fa3d9e8b2d53c2d9087e7a1f8	unchanged	clean	not-applicable	inventory-only	none-reconciled	complete-file-review-outstanding
frontend/src/lib/api/__tests__/fleet.test.ts	test-support	inventoried	frontend-app	test	first-party	eb88857c36f76ebb153bc90d28b133f697984677	4bd37983ff1437aa5e6ebce706f39d9f50be41c7	modified	clean	not-applicable	inventory-only	none-reconciled	complete-file-review-outstanding
frontend/src/lib/api/__tests__/gc.test.ts	test-support	inventoried	frontend-app	test	first-party	431bf76c237ac30342ad4167ff3bbce2f391c7ef	431bf76c237ac30342ad4167ff3bbce2f391c7ef	unchanged	clean	not-applicable	inventory-only	none-reconciled	complete-file-review-outstanding
frontend/src/lib/api/__tests__/inbox.test.ts	test-support	inventoried	frontend-app	test	first-party	58dadcd68d83bc8e5fa0b903546c51dce534c007	cdb2ca81a2c81ee8155a68485e49390acf5e43b9	modified	clean	not-applicable	inventory-only	none-reconciled	complete-file-review-outstanding
frontend/src/lib/api/__tests__/jobs.test.ts	test-support	inventoried	frontend-app	test	first-party	502fc6e441831f4f043ece8878489f1b4a77d587	a7231338d1821d1bce42642ea11d67f771ed428a	modified	clean	not-applicable	recorded-full	docs/frontend-state-validation.md	scope-and-revision-revalidation
frontend/src/lib/api/__tests__/libraries.test.ts	test-support	inventoried	frontend-app	test	first-party	7db1d64025eeb509e4226d8c532a4a50b6d7347b	8bf7bbe35bdf1cc775679df49472024ae13363d4	modified	clean	not-applicable	inventory-only	none-reconciled	complete-file-review-outstanding
frontend/src/lib/api/__tests__/library-browse.test.ts	test-support	not-in-historical-ledger	frontend-app	test	first-party	absent	e8f003cf0632e26a9d7cda510bfa1a08681029c6	added	clean	not-applicable	inventory-only	none-reconciled	complete-file-review-outstanding
frontend/src/lib/api/__tests__/maintenance.test.ts	test-support	inventoried	frontend-app	test	first-party	603c902a8cd7d1f68a955abf52f7ec9960cab1ec	603c902a8cd7d1f68a955abf52f7ec9960cab1ec	unchanged	clean	not-applicable	inventory-only	none-reconciled	complete-file-review-outstanding
frontend/src/lib/api/__tests__/models/batch.test.ts	test-support	inventoried	frontend-app	test	first-party	213fb2461eb384c4ff78f5aa82885f6cbc5d89e6	04b1ca49860720a90021c41f3791ceb5c518d71e	modified	clean	not-applicable	inventory-only	none-reconciled	complete-file-review-outstanding
frontend/src/lib/api/__tests__/models/browse.test.ts	test-support	inventoried	frontend-app	test	first-party	0c44aedb6c5ea0d539649b68436fe23a9cf35525	ca29ecefec5aaf58210b7830ece4922e4b4e8cfd	modified	clean	not-applicable	inventory-only	none-reconciled	complete-file-review-outstanding
frontend/src/lib/api/__tests__/models/ingest.test.ts	test-support	inventoried	frontend-app	test	first-party	e3226e3c8c7cc1db7dcfc65817693d24c917d0ce	e3226e3c8c7cc1db7dcfc65817693d24c917d0ce	unchanged	clean	not-applicable	inventory-only	none-reconciled	complete-file-review-outstanding
frontend/src/lib/api/__tests__/models/model.test.ts	test-support	inventoried	frontend-app	test	first-party	55f4b5f152d6ef0716fe2355b5a5e162a0ce9293	a6335a9b14508d27e51b996b26f9d4ceecbfa7b4	modified	clean	not-applicable	inventory-only	none-reconciled	complete-file-review-outstanding
frontend/src/lib/api/__tests__/models/transfer.test.ts	test-support	inventoried	frontend-app	test	first-party	a5000795bd2d847c1ddcdb13603b371b9d95bfba	a3c4c793fd239603f58d1537cd9f93225ed2e7f5	modified	clean	not-applicable	inventory-only	none-reconciled	complete-file-review-outstanding
frontend/src/lib/api/__tests__/multipart-builds.test.ts	test-support	inventoried	frontend-app	test	first-party	de4887a910947db8f44b228fce551f696cdffcc4	de4887a910947db8f44b228fce551f696cdffcc4	unchanged	clean	not-applicable	inventory-only	none-reconciled	complete-file-review-outstanding
frontend/src/lib/api/__tests__/multipart-models.test.ts	test-support	inventoried	frontend-app	test	first-party	6db74ad7cdcf1b523610b17b680780e88b3df3ad	420c73d8c329782fe109a8677399e6695a4c78c1	modified	clean	not-applicable	inventory-only	none-reconciled	complete-file-review-outstanding
frontend/src/lib/api/__tests__/notifications.test.ts	test-support	inventoried	frontend-app	test	first-party	87f00b6e89476a3dd67308e2cf6569db95ffed50	87f00b6e89476a3dd67308e2cf6569db95ffed50	unchanged	clean	not-applicable	inventory-only	none-reconciled	complete-file-review-outstanding
frontend/src/lib/api/__tests__/printer-profiles.test.ts	test-support	inventoried	frontend-app	test	first-party	3a4386a924e8b98d195e6bc56f0297c6eb06fa65	3a4386a924e8b98d195e6bc56f0297c6eb06fa65	unchanged	clean	not-applicable	inventory-only	none-reconciled	complete-file-review-outstanding
frontend/src/lib/api/__tests__/printers.test.ts	test-support	inventoried	frontend-app	test	first-party	b18cca49f517872dae42dc8fc73a5ffdbf426906	0f91167364fe0791dc5024c6bea0b132650a3eb5	modified	clean	not-applicable	inventory-only	none-reconciled	complete-file-review-outstanding
frontend/src/lib/api/__tests__/provenance.test.ts	test-support	inventoried	frontend-app	test	first-party	2920a34ee29cc6691c4e44390b4d9004f06ca527	2920a34ee29cc6691c4e44390b4d9004f06ca527	unchanged	clean	not-applicable	inventory-only	none-reconciled	complete-file-review-outstanding
frontend/src/lib/api/__tests__/provider-connections.test.ts	test-support	inventoried	frontend-app	test	first-party	d57e80c788ec2667cc41179f1ab0a2017baf1de3	d57e80c788ec2667cc41179f1ab0a2017baf1de3	unchanged	clean	not-applicable	inventory-only	none-reconciled	complete-file-review-outstanding
frontend/src/lib/api/__tests__/request.test.ts	test-support	inventoried	frontend-app	test	first-party	15f634571f8d804b8230634c9fa33bb62c207244	f23157a0478523df757593f9167c11a32aad7ebf	modified	clean	not-applicable	inventory-only	none-reconciled	complete-file-review-outstanding
frontend/src/lib/api/__tests__/saved-views.test.ts	test-support	inventoried	frontend-app	test	first-party	736b4fbdb9d3f43c313ef35a15b42b3d89baa00c	d94b7c0978da7b66ca1747ed407d353f62a22f92	modified	clean	not-applicable	inventory-only	none-reconciled	complete-file-review-outstanding
frontend/src/lib/api/__tests__/search.test.ts	test-support	inventoried	frontend-app	test	first-party	289a7072f8c3d5dac8021a83b057a30797e56c35	116084d5be2291fad3b1bdc844e1784a15797ecb	modified	clean	not-applicable	inventory-only	none-reconciled	complete-file-review-outstanding
frontend/src/lib/api/__tests__/share.test.ts	test-support	inventoried	frontend-app	test	first-party	94674f91f845e4286c64f47cc556e082d49ea9cf	95b26cc90c5035475befca5d457c0b638fb0fc77	modified	clean	not-applicable	inventory-only	none-reconciled	complete-file-review-outstanding
frontend/src/lib/api/__tests__/similarity.test.ts	test-support	inventoried	frontend-app	test	first-party	ddf74fe23cd83ce8b4f5e882087f2cc884c41710	678fcc9d8c30958f1bd6d3c99343890253758600	modified	clean	not-applicable	inventory-only	none-reconciled	complete-file-review-outstanding
frontend/src/lib/api/__tests__/spoolman.test.ts	test-support	inventoried	frontend-app	test	first-party	9b7a6bef76d51d40b6eb1f26c8c2891878ba00b8	9b7a6bef76d51d40b6eb1f26c8c2891878ba00b8	unchanged	clean	not-applicable	inventory-only	none-reconciled	complete-file-review-outstanding
frontend/src/lib/api/__tests__/statistics.test.ts	test-support	inventoried	frontend-app	test	first-party	7dbf8daf259440b5e7be51c1862dd9f390f487ad	7dbf8daf259440b5e7be51c1862dd9f390f487ad	unchanged	clean	not-applicable	inventory-only	none-reconciled	complete-file-review-outstanding
frontend/src/lib/api/__tests__/storage-connections.test.ts	test-support	inventoried	frontend-app	test	first-party	625e23c7543ee423335603710e189a80eb8e5f25	8c949412cc3d7382c8512777b878a6e4a96ecc88	modified	clean	not-applicable	inventory-only	none-reconciled	complete-file-review-outstanding
frontend/src/lib/api/__tests__/storage-inventory.test.ts	test-support	inventoried	frontend-app	test	first-party	650927fb2544fb9bafb892db4a45a05f941ef252	650927fb2544fb9bafb892db4a45a05f941ef252	unchanged	clean	not-applicable	inventory-only	none-reconciled	complete-file-review-outstanding
frontend/src/lib/api/__tests__/system.test.ts	test-support	inventoried	frontend-app	test	first-party	48d67f28c508690bc67105ae49611d3854836ba1	48d67f28c508690bc67105ae49611d3854836ba1	unchanged	clean	not-applicable	inventory-only	none-reconciled	complete-file-review-outstanding
frontend/src/lib/api/__tests__/taxonomy.test.ts	test-support	inventoried	frontend-app	test	first-party	42954da2b01a72b298c1d8d68c4714d8d27b76a2	68bd671e4c1240b2ea9d6503526a1074222f9cff	modified	clean	not-applicable	inventory-only	none-reconciled	complete-file-review-outstanding
frontend/src/lib/api/__tests__/vault-migration.test.ts	test-support	inventoried	frontend-app	test	first-party	fad3db3185e4fe8c9de57094681186d0a45b7970	fad3db3185e4fe8c9de57094681186d0a45b7970	unchanged	clean	not-applicable	recorded-full	docs/frontend-state-validation.md#exact-additional-manual-sourcetestconfig-ledger;docs/frontend-state-validation.md	scope-and-revision-revalidation
frontend/src/lib/api/__tests__/work.test.ts	test-support	inventoried	frontend-app	test	first-party	b03704bdfaa079146a6d4324bff6420d27062aed	524f4673916e1e4fcdf007e601db866281a51165	modified	clean	not-applicable	recorded-full	docs/frontend-state-validation.md	scope-and-revision-revalidation
frontend/src/lib/api/artifact-cache.ts	source-config	inventoried	frontend-app	source	first-party	974f89c38249c468868336ddec45c49b9c27eb32	974f89c38249c468868336ddec45c49b9c27eb32	unchanged	clean	not-applicable	recorded-full	docs/frontend-state-validation.md#exact-additional-manual-sourcetestconfig-ledger;docs/frontend-state-validation.md	scope-and-revision-revalidation
frontend/src/lib/api/artifact-uploads.ts	source-config	inventoried	frontend-app	source	first-party	46348def7783f3b6c51048a09e82bfd7dda1f045	8020b2017e7983f6d436148217ec434812ec11aa	modified	clean	not-applicable	inventory-only	none-reconciled	complete-file-review-outstanding
frontend/src/lib/api/auth.ts	source-config	inventoried	frontend-app	source	first-party	738cd560d1c1f4052cc9de56c4b0e696c81959f4	75ab555d178efe40f29cf937aa7d9a4891261e7e	modified	clean	not-applicable	recorded-full	docs/frontend-state-validation.md	scope-and-revision-revalidation
frontend/src/lib/api/backup.ts	source-config	inventoried	frontend-app	source	first-party	bc1a229000b52fec7da4a975bff677f1c537f9f1	9cd9c8eb44192cf72ca8671a3a9660a53cb1ce5e	modified	clean	not-applicable	recorded-full	docs/frontend-state-validation.md#exact-additional-manual-sourcetestconfig-ledger;docs/frontend-state-validation.md	scope-and-revision-revalidation
frontend/src/lib/api/captions.ts	source-config	inventoried	frontend-app	source	first-party	8c08f8fa38319d19da082029fe8f0b4ec4cfc342	1631b7f124188bc4a1f6192ba62c4e16bfbd72bf	modified	clean	not-applicable	inventory-only	none-reconciled	complete-file-review-outstanding
frontend/src/lib/api/config.ts	source-config	inventoried	frontend-app	configuration	first-party	348cc76dea55b291fc881926624ff379f7d3897f	891bb3eaabb2fdfa581a30dd8ab75f24e2d9186d	modified	clean	not-applicable	recorded-full	docs/frontend-integration-review.md#manual-inspection-in-this-tranche;docs/frontend-state-validation.md#exact-additional-manual-sourcetestconfig-ledger;docs/frontend-state-validation.md	scope-and-revision-revalidation
frontend/src/lib/api/documents.ts	source-config	inventoried	frontend-app	source	first-party	266df19698e5f945195edccadb3e035ad1bb2cc7	06987fe7a8071400131db5d06adea08f576604d8	modified	clean	not-applicable	recorded-full	docs/frontend-state-validation.md	scope-and-revision-revalidation
frontend/src/lib/api/filaments.ts	source-config	inventoried	frontend-app	source	first-party	2fc9782c2fef8f8a8ae64ee0d8c9d7fd4bfe1084	2fc9782c2fef8f8a8ae64ee0d8c9d7fd4bfe1084	unchanged	clean	not-applicable	recorded-full	docs/frontend-state-validation.md	scope-and-revision-revalidation
frontend/src/lib/api/fleet.ts	source-config	inventoried	frontend-app	source	first-party	69f0e6dd0c6355518d2008d901a0292e54b05eeb	8477a4034b076553a68ef25cb422e36fc48a6248	modified	clean	not-applicable	recorded-full	docs/frontend-integration-review.md#manual-inspection-in-this-tranche	scope-and-revision-revalidation
frontend/src/lib/api/gc.ts	source-config	inventoried	frontend-app	source	first-party	d66ac15775c7c9ecc6b8a42af5e9cdfcbc9fe950	d66ac15775c7c9ecc6b8a42af5e9cdfcbc9fe950	unchanged	clean	not-applicable	recorded-full	docs/frontend-state-validation.md#exact-additional-manual-sourcetestconfig-ledger;docs/frontend-state-validation.md	scope-and-revision-revalidation
frontend/src/lib/api/inbox.ts	source-config	inventoried	frontend-app	source	first-party	a7437e247624f8211e7c1ff950ab181641b7664a	7ff095bdfc025e26947f2363f1e582904755a5c0	modified	clean	not-applicable	recorded-full	docs/frontend-state-validation.md	scope-and-revision-revalidation
frontend/src/lib/api/index.ts	source-config	inventoried	frontend-app	source	first-party	c813b3688157a24a26f742c791bade4f3ff85ae1	c813b3688157a24a26f742c791bade4f3ff85ae1	unchanged	clean	not-applicable	recorded-full	docs/frontend-state-validation.md#exact-additional-manual-sourcetestconfig-ledger;docs/frontend-state-validation.md	scope-and-revision-revalidation
frontend/src/lib/api/jobs.ts	source-config	inventoried	frontend-app	source	first-party	ab04a607e22808cbbf49c54a64c3e6a9f325389b	c5e5c8db7eb94385f75e6345086abb858a3cf1e2	modified	clean	not-applicable	recorded-full	docs/frontend-state-validation.md	scope-and-revision-revalidation
frontend/src/lib/api/libraries.ts	source-config	inventoried	frontend-app	source	first-party	ec504c095269bf9cbfebe6b0aa16823e4ec269db	d90bdb946e7c9ea528f6f3687c7bd21da7ca7845	modified	clean	not-applicable	recorded-full	docs/frontend-state-validation.md#exact-additional-manual-sourcetestconfig-ledger;docs/frontend-state-validation.md	scope-and-revision-revalidation
frontend/src/lib/api/library-browse.ts	source-config	not-in-historical-ledger	frontend-app	source	first-party	absent	e9486199f250fb4464fca694296b7d598e33c223	added	clean	not-applicable	inventory-only	none-reconciled	complete-file-review-outstanding
frontend/src/lib/api/maintenance.ts	source-config	inventoried	frontend-app	source	first-party	e3f63a6bcc94045e46439a7d4fe8cfa672032ba9	e3f63a6bcc94045e46439a7d4fe8cfa672032ba9	unchanged	clean	not-applicable	inventory-only	none-reconciled	complete-file-review-outstanding
frontend/src/lib/api/models.ts	source-config	inventoried	frontend-app	source	first-party	c235c78f76ebb4083c00f03de71f4a58731d5250	aa57a33fa03b3bd2167724ab53f13476480051dd	modified	clean	not-applicable	inventory-only	none-reconciled	complete-file-review-outstanding
frontend/src/lib/api/multipart-builds.ts	source-config	inventoried	frontend-app	source	first-party	af43027507b78d68a45f4315b7cc0af3badbee2b	af43027507b78d68a45f4315b7cc0af3badbee2b	unchanged	clean	not-applicable	recorded-full	docs/frontend-state-validation.md#exact-additional-manual-sourcetestconfig-ledger;docs/frontend-state-validation.md	scope-and-revision-revalidation
frontend/src/lib/api/multipart-models.ts	source-config	inventoried	frontend-app	source	first-party	87bc3d89c513c1d2c101106dbfd9da1d425bc5c5	d08b02e1c30df7293101faca1f3c31710c351b18	modified	clean	not-applicable	inventory-only	none-reconciled	complete-file-review-outstanding
frontend/src/lib/api/notifications.ts	source-config	inventoried	frontend-app	source	first-party	967bf7d585a5b70f04fd262c3ddce5e1c972bc92	967bf7d585a5b70f04fd262c3ddce5e1c972bc92	unchanged	clean	not-applicable	recorded-full	docs/frontend-integration-review.md#manual-inspection-in-this-tranche;docs/frontend-state-validation.md#exact-additional-manual-sourcetestconfig-ledger;docs/frontend-state-validation.md	scope-and-revision-revalidation
frontend/src/lib/api/outliner.ts	source-config	inventoried	frontend-app	source	first-party	6b14d23022f224c7fa1bd8fbf7f3465a65804903	6b14d23022f224c7fa1bd8fbf7f3465a65804903	unchanged	clean	not-applicable	recorded-full	docs/frontend-state-validation.md#exact-additional-manual-sourcetestconfig-ledger;docs/frontend-state-validation.md	scope-and-revision-revalidation
frontend/src/lib/api/printer-profiles.ts	source-config	inventoried	frontend-app	source	first-party	03972ac68612136e42681072d17f9be3438f8771	03972ac68612136e42681072d17f9be3438f8771	unchanged	clean	not-applicable	recorded-full	docs/frontend-state-validation.md	scope-and-revision-revalidation
frontend/src/lib/api/printers.ts	source-config	inventoried	frontend-app	source	first-party	43084b790bd4a8120ed0ab9c32d0fbdf6ec79dbb	c8794838796f664d58b487c424bace0ec81b10d9	modified	clean	not-applicable	recorded-full	docs/frontend-integration-review.md#manual-inspection-in-this-tranche	scope-and-revision-revalidation
frontend/src/lib/api/provenance.ts	source-config	inventoried	frontend-app	source	first-party	deff61e6b5d78affd60b8b218df3f49808f450d6	4bb5cff103928db36af1e01ac210f4b75265c5f8	modified	clean	not-applicable	inventory-only	none-reconciled	complete-file-review-outstanding
frontend/src/lib/api/provider-connections.ts	source-config	inventoried	frontend-app	source	first-party	55ce35ea4f662778c3aab7b109f13b7ea43b0a71	55ce35ea4f662778c3aab7b109f13b7ea43b0a71	unchanged	clean	not-applicable	recorded-full	docs/frontend-state-validation.md#exact-additional-manual-sourcetestconfig-ledger;docs/frontend-state-validation.md	scope-and-revision-revalidation
frontend/src/lib/api/request.ts	source-config	targeted-inspection	frontend-app	source	first-party	33985cee61af2bdfaaec39dc34ba70e6b9af3bdd	72a1512d81842b907705099fe45ea98ea3830bbd	modified	clean	not-applicable	recorded-targeted	docs/frontend-architecture/inventory.md#platform-review-record;docs/frontend-architecture/review.md#review-coverage	complete-file-review-outstanding
frontend/src/lib/api/saved-views.ts	source-config	inventoried	frontend-app	source	first-party	a9fc89f51d3f2a82faecbc9154957c4f6492e92f	e77392ff062070520172e72da1595ee71f5fa0a2	modified	clean	not-applicable	recorded-full	docs/frontend-state-validation.md#exact-additional-manual-sourcetestconfig-ledger;docs/frontend-state-validation.md	scope-and-revision-revalidation
frontend/src/lib/api/search.ts	source-config	inventoried	frontend-app	source	first-party	d42c814ddda4a36d0a7096835035c1e9bddf296a	da4508280a45d5a5d48dd3c23a2c56c7836aeaba	modified	clean	not-applicable	inventory-only	none-reconciled	complete-file-review-outstanding
frontend/src/lib/api/share.ts	source-config	inventoried	frontend-app	source	first-party	99da6e36964d6f9d852629ea66112f2f6c3b8b1b	0ac3b4681a539461b1655accdea2b8848eeb625f	modified	clean	not-applicable	recorded-full	docs/frontend-integration-review.md#manual-inspection-in-this-tranche	scope-and-revision-revalidation
frontend/src/lib/api/similarity.ts	source-config	inventoried	frontend-app	source	first-party	197915f44d3e0027dc5e9e95001db7b073256aed	608c508f2ab03c74a1528754dc608582283e9084	modified	clean	not-applicable	inventory-only	none-reconciled	complete-file-review-outstanding
frontend/src/lib/api/spoolman.ts	source-config	inventoried	frontend-app	source	first-party	b6f73c37ea2a18d74be279fad742fd8e2537ca4f	b6f73c37ea2a18d74be279fad742fd8e2537ca4f	unchanged	clean	not-applicable	recorded-full	docs/frontend-state-validation.md	scope-and-revision-revalidation
frontend/src/lib/api/statistics.ts	source-config	inventoried	frontend-app	source	first-party	ea632a1b180e27eb424b3752454f0be5216f112d	ea632a1b180e27eb424b3752454f0be5216f112d	unchanged	clean	not-applicable	recorded-full	docs/frontend-state-validation.md#exact-additional-manual-sourcetestconfig-ledger;docs/frontend-state-validation.md	scope-and-revision-revalidation
frontend/src/lib/api/storage-connections.ts	source-config	inventoried	frontend-app	source	first-party	41781916c053830471e9eda7b8e799679fe4fff7	4ba7b5b6421a23a101f35ecbfb8881a9e164c8d0	modified	clean	not-applicable	recorded-full	docs/frontend-state-validation.md#exact-additional-manual-sourcetestconfig-ledger;docs/frontend-state-validation.md	scope-and-revision-revalidation
frontend/src/lib/api/storage-inventory.ts	source-config	inventoried	frontend-app	source	first-party	577edccee5c39ece10eff0bb2aa9153e0f3ad275	577edccee5c39ece10eff0bb2aa9153e0f3ad275	unchanged	clean	not-applicable	recorded-full	docs/frontend-state-validation.md#exact-additional-manual-sourcetestconfig-ledger;docs/frontend-state-validation.md	scope-and-revision-revalidation
frontend/src/lib/api/system.ts	source-config	inventoried	frontend-app	source	first-party	d26c1fbfa59822cc81dd4a27548af17e5fd93726	d26c1fbfa59822cc81dd4a27548af17e5fd93726	unchanged	clean	not-applicable	recorded-full	docs/frontend-state-validation.md#exact-additional-manual-sourcetestconfig-ledger;docs/frontend-state-validation.md	scope-and-revision-revalidation
frontend/src/lib/api/taxonomy.ts	source-config	inventoried	frontend-app	source	first-party	68c812da54284e0b660c060bccc7410eddd2c2c2	e45056db7a9086032b5175509a50f550e08c36ff	modified	clean	not-applicable	recorded-full	docs/frontend-state-validation.md#exact-additional-manual-sourcetestconfig-ledger;docs/frontend-state-validation.md	scope-and-revision-revalidation
frontend/src/lib/api/vault-migration.ts	source-config	inventoried	frontend-app	source	first-party	5105e8bd32512d30694194f9e0faf341555fbdc9	5105e8bd32512d30694194f9e0faf341555fbdc9	unchanged	clean	not-applicable	recorded-full	docs/frontend-state-validation.md#exact-additional-manual-sourcetestconfig-ledger;docs/frontend-state-validation.md	scope-and-revision-revalidation
frontend/src/lib/api/work.ts	source-config	inventoried	frontend-app	source	first-party	ceaf33eb43a1821e6056adb5f37ce99c90d231b9	74099553e7063141580b94fc2b7e44a3d04b686a	modified	clean	not-applicable	recorded-full	docs/frontend-state-validation.md	scope-and-revision-revalidation
frontend/src/lib/archive-review-events.ts	source-config	inventoried	frontend-app	source	first-party	3f178231a6c237fc4f6ff47e9fcc84fc7ea3da04	3f178231a6c237fc4f6ff47e9fcc84fc7ea3da04	unchanged	clean	not-applicable	recorded-full	docs/frontend-state-validation.md	scope-and-revision-revalidation
frontend/src/lib/archive-upload.ts	source-config	inventoried	frontend-app	source	first-party	c6e27062eb5303ab6bbb547ed4e4824c2891d726	c6e27062eb5303ab6bbb547ed4e4824c2891d726	unchanged	clean	not-applicable	inventory-only	none-reconciled	complete-file-review-outstanding
frontend/src/lib/artifact-upload.ts	source-config	inventoried	frontend-app	source	first-party	9578f5f06390006f0de634a02f8a944884ea870d	ca75c35e8a47b6b7d7954fd78f3a270619f3e969	modified	clean	not-applicable	recorded-full	docs/frontend-state-validation.md#exact-additional-manual-sourcetestconfig-ledger;docs/frontend-state-validation.md	scope-and-revision-revalidation
frontend/src/lib/asset-cache.ts	source-config	targeted-inspection	frontend-app	source	first-party	4078a1c87b2831b6c46fcb6d9686514d2685ebf1	482a757fb5a5ea86ba82ced79bdeb462ff11bcc1	modified	clean	not-applicable	recorded-targeted	docs/frontend-architecture/review.md#review-coverage	complete-file-review-outstanding
frontend/src/lib/auth-context.ts	source-config	inventoried	frontend-app	source	first-party	338e34c431ad891f47bdc3a8cf43386e93721c49	008d830dd696fb33a77c86142e24bf02ddc5f452	modified	clean	not-applicable	recorded-full	docs/frontend-state-validation.md	scope-and-revision-revalidation
frontend/src/lib/auth-provider.tsx	source-config	inventoried	frontend-app	source	first-party	52775e2cfbd1fab60e979a21c2d443ae9bf13aa3	6efc5b5605ff0989ca1a7cea3d5e5a40dfb90971	modified	clean	not-applicable	recorded-full	docs/frontend-state-validation.md	scope-and-revision-revalidation
frontend/src/lib/auth-store.ts	source-config	inventoried	frontend-app	source	first-party	23672f8164bc910df22538dc02e7e872f69d1486	dcf902919f315c8ebbe5f7c588fdd628b98368e4	modified	clean	not-applicable	recorded-full	docs/frontend-state-validation.md	scope-and-revision-revalidation
frontend/src/lib/auth.ts	source-config	inventoried	frontend-app	source	first-party	297969861c436bafc96ca7ec4943d7054eba6d4c	297969861c436bafc96ca7ec4943d7054eba6d4c	unchanged	clean	not-applicable	inventory-only	none-reconciled	complete-file-review-outstanding
frontend/src/lib/browser-extension-setup.ts	source-config	inventoried	frontend-app	source	first-party	d4186846e59643f3087fdb7db026ba4b8e973708	473e48616e4e041b6bd79ff486765eb583dfa83f	modified	clean	not-applicable	recorded-full	docs/frontend-state-validation.md#exact-additional-manual-sourcetestconfig-ledger;docs/frontend-state-validation.md	scope-and-revision-revalidation
frontend/src/lib/bulk-upload.ts	source-config	inventoried	frontend-app	source	first-party	2568df9d82bd6cea51fd4da42d421bb296990d8f	2568df9d82bd6cea51fd4da42d421bb296990d8f	unchanged	clean	not-applicable	inventory-only	none-reconciled	complete-file-review-outstanding
frontend/src/lib/card-metrics.ts	source-config	inventoried	frontend-app	source	first-party	0c027d722006abe2765ffadbaae55d864ec5274f	0c027d722006abe2765ffadbaae55d864ec5274f	unchanged	clean	not-applicable	recorded-full	docs/frontend-state-validation.md	scope-and-revision-revalidation
frontend/src/lib/changelog.ts	source-config	inventoried	frontend-app	source	first-party	9980c5a5253ca3af985852a9f6fa7278f7788047	9980c5a5253ca3af985852a9f6fa7278f7788047	unchanged	clean	not-applicable	inventory-only	none-reconciled	complete-file-review-outstanding
frontend/src/lib/collection-tree.ts	source-config	inventoried	frontend-app	source	first-party	96fef14f9d9b40b9c275e79285749364c0decb0b	96fef14f9d9b40b9c275e79285749364c0decb0b	unchanged	clean	not-applicable	inventory-only	none-reconciled	complete-file-review-outstanding
frontend/src/lib/comparison-camera.ts	source-config	inventoried	frontend-app	source	first-party	ede6b504ef0b1695fa773ddc4d30e498001b8db8	ede6b504ef0b1695fa773ddc4d30e498001b8db8	unchanged	clean	not-applicable	inventory-only	none-reconciled	complete-file-review-outstanding
frontend/src/lib/completion-chained-polling.ts	source-config	inventoried	frontend-app	source	first-party	ffbb0349c764fbd9b76a5fb0774d34337c5f0175	ffbb0349c764fbd9b76a5fb0774d34337c5f0175	unchanged	clean	not-applicable	recorded-full	docs/frontend-integration-review.md#manual-inspection-in-this-tranche	scope-and-revision-revalidation
frontend/src/lib/currency.ts	source-config	inventoried	frontend-app	source	first-party	050c1bff5f966818023104d9d1aabbabae918316	050c1bff5f966818023104d9d1aabbabae918316	unchanged	clean	not-applicable	recorded-full	docs/frontend-state-validation.md	scope-and-revision-revalidation
frontend/src/lib/errors.ts	source-config	inventoried	frontend-app	source	first-party	f76d9b554dede1741edbc3783daf9ab69d94763e	f76d9b554dede1741edbc3783daf9ab69d94763e	unchanged	clean	not-applicable	inventory-only	none-reconciled	complete-file-review-outstanding
frontend/src/lib/events.ts	source-config	targeted-inspection	frontend-app	source	first-party	3e9307aa088e270c75ead1155b93408249bd12b7	5a60ea7388b26f376b28e8b95637ce5db2f46e24	modified	clean	not-applicable	recorded-targeted	docs/frontend-architecture/review.md#review-coverage	complete-file-review-outstanding
frontend/src/lib/filter-labels.ts	source-config	inventoried	frontend-app	source	first-party	7c4049ad001901ed095441d8e7ed117af23c4f8e	7c4049ad001901ed095441d8e7ed117af23c4f8e	unchanged	clean	not-applicable	inventory-only	none-reconciled	complete-file-review-outstanding
frontend/src/lib/format.ts	source-config	inventoried	frontend-app	source	first-party	c5d89be163779ed2d16e4c2f4457a8a102412915	c5d89be163779ed2d16e4c2f4457a8a102412915	unchanged	clean	not-applicable	recorded-full	docs/frontend-state-validation.md	scope-and-revision-revalidation
frontend/src/lib/gcode-arcs.ts	source-config	inventoried	frontend-app	source	first-party	089611cc218de7de693ed18a6d512515f199b594	089611cc218de7de693ed18a6d512515f199b594	unchanged	clean	not-applicable	inventory-only	none-reconciled	complete-file-review-outstanding
frontend/src/lib/gcode-worker-client.ts	source-config	inventoried	frontend-app	source	first-party	8e6cc96c982a0b93dde39441817ec7c99c1810bf	ca3d4e0c6a06ccec4ffaa941f83f1370256e315a	modified	clean	not-applicable	inventory-only	none-reconciled	complete-file-review-outstanding
frontend/src/lib/gcode-worker-protocol.ts	source-config	not-in-historical-ledger	frontend-app	source	first-party	absent	9a59391f151e3e4551e30ab0359480341b75c0c7	added	clean	not-applicable	inventory-only	none-reconciled	complete-file-review-outstanding
frontend/src/lib/gcode-worker.ts	source-config	inventoried	frontend-app	source	first-party	e4b054d2c4fc43397d48ef1e81d87e1b52bb4fe6	1aead4b69b29ae46f61bbebc6a7fa66e87d7e96c	modified	clean	not-applicable	inventory-only	none-reconciled	complete-file-review-outstanding
frontend/src/lib/gcode.ts	source-config	inventoried	frontend-app	source	first-party	fa43f115530d0b4871e163637b5ab54741e3994f	fa43f115530d0b4871e163637b5ab54741e3994f	unchanged	clean	not-applicable	inventory-only	none-reconciled	complete-file-review-outstanding
frontend/src/lib/i18n.tsx	source-config	inventoried	frontend-app	source	first-party	381723c8a1d85ea869c33b5b561a046cc29066bc	381723c8a1d85ea869c33b5b561a046cc29066bc	unchanged	clean	not-applicable	recorded-full	docs/frontend-state-validation.md#exact-additional-manual-sourcetestconfig-ledger;docs/frontend-state-validation.md	scope-and-revision-revalidation
frontend/src/lib/last-collection.ts	source-config	inventoried	frontend-app	source	first-party	7907d10085429a3370849862fd7c8e2139ae65a9	7907d10085429a3370849862fd7c8e2139ae65a9	unchanged	clean	not-applicable	recorded-full	docs/frontend-state-validation.md	scope-and-revision-revalidation
frontend/src/lib/lazy-component.ts	source-config	not-in-historical-ledger	frontend-app	source	first-party	5ef6e00b42d25659808e9c5087a9fce554b1ac8b	fede8b40de2eb7ad2d8ba1e23a61f392c3d6028d	modified	clean	not-applicable	recorded-full	docs/frontend-state-validation.md#exact-additional-manual-sourcetestconfig-ledger;docs/frontend-state-validation.md	scope-and-revision-revalidation
frontend/src/lib/library-startup-context.ts	source-config	not-in-historical-ledger	frontend-app	source	first-party	ce9c09e9b4b90c014e60fde1ebeccbdf86dd4e80	ce9c09e9b4b90c014e60fde1ebeccbdf86dd4e80	unchanged	clean	not-applicable	inventory-only	none-reconciled	complete-file-review-outstanding
frontend/src/lib/library-startup-provider.tsx	source-config	not-in-historical-ledger	frontend-app	source	first-party	c998cde0ffd5f79e0d761f7abf5e73b86f5b736e	c998cde0ffd5f79e0d761f7abf5e73b86f5b736e	unchanged	clean	not-applicable	inventory-only	none-reconciled	complete-file-review-outstanding
frontend/src/lib/link.tsx	source-config	inventoried	frontend-app	source	first-party	f0b2f432471109052bee01f6d3c2b2108d9805c2	f0b2f432471109052bee01f6d3c2b2108d9805c2	unchanged	clean	not-applicable	inventory-only	none-reconciled	complete-file-review-outstanding
frontend/src/lib/locale.ts	source-config	inventoried	frontend-app	source	first-party	18d52c486707d27ee888b0a106bfdfb01dbf8488	18d52c486707d27ee888b0a106bfdfb01dbf8488	unchanged	clean	not-applicable	recorded-full	docs/frontend-state-validation.md#exact-additional-manual-sourcetestconfig-ledger;docs/frontend-state-validation.md	scope-and-revision-revalidation
frontend/src/lib/metadata-preferences.ts	source-config	inventoried	frontend-app	source	first-party	c0d3a16b4532f5f3856cfab4151dd02058e6e06f	c0d3a16b4532f5f3856cfab4151dd02058e6e06f	unchanged	clean	not-applicable	recorded-full	docs/frontend-state-validation.md	scope-and-revision-revalidation
frontend/src/lib/mobile-filter-context.ts	source-config	inventoried	frontend-app	source	first-party	8ecda6116e3eb068361be42c973d970c444c094e	8ecda6116e3eb068361be42c973d970c444c094e	unchanged	clean	not-applicable	inventory-only	none-reconciled	complete-file-review-outstanding
frontend/src/lib/mobile-filter-provider.tsx	source-config	inventoried	frontend-app	source	first-party	32d3d984e07aec94111e095b0d7721fbc5b93e77	32d3d984e07aec94111e095b0d7721fbc5b93e77	unchanged	clean	not-applicable	inventory-only	none-reconciled	complete-file-review-outstanding
frontend/src/lib/model-dnd.ts	source-config	inventoried	frontend-app	source	first-party	bb698b460b548a056f63c35aaa22f55fdc004b4d	bb698b460b548a056f63c35aaa22f55fdc004b4d	unchanged	clean	not-applicable	inventory-only	none-reconciled	complete-file-review-outstanding
frontend/src/lib/model-upload-workflow.ts	source-config	not-in-historical-ledger	frontend-app	source	first-party	absent	absent	absent-at-both	untracked	48b89b988165802244f6c886ec93994fb988f06d36eed2e03198aee7df7a4bad	inventory-only	none-reconciled	complete-file-review-outstanding;uncommitted-review-outstanding
frontend/src/lib/multipart-model-presentation.ts	source-config	not-in-historical-ledger	frontend-app	source	first-party	a6790314cabaf77acfad8312bd12884ae3272e0e	a6790314cabaf77acfad8312bd12884ae3272e0e	unchanged	clean	not-applicable	inventory-only	none-reconciled	complete-file-review-outstanding
frontend/src/lib/navigation.ts	source-config	targeted-inspection	frontend-app	source	first-party	4c308893219d39f25451816cad48758c9807a4e2	4c308893219d39f25451816cad48758c9807a4e2	unchanged	modified	9b4e34c4d73bff2d2100ade7ebdfc74791ada0b1aaf4fa860e3c187e5fea9e4a	recorded-full	docs/frontend-state-validation.md;docs/frontend-architecture/review.md#review-coverage	scope-and-revision-revalidation;uncommitted-review-outstanding
frontend/src/lib/orca-printer-images.ts	source-config	inventoried	frontend-app	source	first-party	d66b9dfca1647f9ef6f17f7d1897babe4cc86798	d66b9dfca1647f9ef6f17f7d1897babe4cc86798	unchanged	clean	not-applicable	inventory-only	none-reconciled	complete-file-review-outstanding
frontend/src/lib/overlay.ts	source-config	inventoried	frontend-app	source	first-party	a0c74ff99a2d3f8bc3e4c6c8cbb90b88a0e82fe1	a0c74ff99a2d3f8bc3e4c6c8cbb90b88a0e82fe1	unchanged	clean	not-applicable	recorded-full	docs/frontend-state-validation.md	scope-and-revision-revalidation
frontend/src/lib/preview-preferences.ts	source-config	inventoried	frontend-app	source	first-party	5d24e8a56ed5f36250b60beb6e1c65c24b83e5d8	8774cc1146ae87a025df56a837c045af56d3b535	modified	clean	not-applicable	recorded-full	docs/frontend-state-validation.md	scope-and-revision-revalidation
frontend/src/lib/print-job-reproducibility.ts	source-config	inventoried	frontend-app	source	first-party	62963de45787feb32f186e4d2eb3ffe6a4677acd	62963de45787feb32f186e4d2eb3ffe6a4677acd	unchanged	clean	not-applicable	inventory-only	none-reconciled	complete-file-review-outstanding
frontend/src/lib/printer-card-display.ts	source-config	inventoried	frontend-app	source	first-party	d40b803af4f4279799663dda6e1bfd65eac203a1	6c41f48de5395bcb85c4d90494c1bb9c79a6750b	modified	clean	not-applicable	recorded-full	docs/frontend-state-validation.md#exact-additional-manual-sourcetestconfig-ledger;docs/frontend-state-validation.md	scope-and-revision-revalidation
frontend/src/lib/printer-providers.ts	source-config	inventoried	frontend-app	source	first-party	199ad0ed19719e02e9efb07246cbe7558ff76c5b	199ad0ed19719e02e9efb07246cbe7558ff76c5b	unchanged	clean	not-applicable	inventory-only	none-reconciled	complete-file-review-outstanding
frontend/src/lib/pwa.ts	source-config	inventoried	frontend-app	source	first-party	e8e56549570a3c8e250c27eef23f62dad6bcd992	e8e56549570a3c8e250c27eef23f62dad6bcd992	unchanged	clean	not-applicable	recorded-full	docs/frontend-integration-review.md#manual-inspection-in-this-tranche;docs/frontend-state-validation.md;docs/frontend-architecture/inventory.md#platform-review-record	scope-and-revision-revalidation
frontend/src/lib/queries.ts	source-config	targeted-inspection	frontend-app	source	first-party	5ecd5bd9c61d23e7d0226eaf5551196c2d7d3d59	889efec4d1f08374dc7a1c0197fc670a9ba57f14	modified	clean	not-applicable	recorded-targeted	docs/frontend-architecture/review.md#review-coverage	complete-file-review-outstanding
frontend/src/lib/queries/__tests__/captions.test.tsx	test-support	not-in-historical-ledger	frontend-app	test	first-party	absent	aa2fc643010db7d4538ac1faa5ed582906f071f7	added	clean	not-applicable	inventory-only	none-reconciled	complete-file-review-outstanding
frontend/src/lib/queries/__tests__/documents.test.tsx	test-support	not-in-historical-ledger	frontend-app	test	first-party	absent	7e62f0ecb9f70bf499f441126dda71ee500f12af	added	clean	not-applicable	recorded-full	docs/frontend-state-validation.md	scope-and-revision-revalidation
frontend/src/lib/queries/__tests__/inbox.test.tsx	test-support	not-in-historical-ledger	frontend-app	test	first-party	absent	373b2fb316ad07ea66c92aa235460be1a38bedf5	added	clean	not-applicable	recorded-full	docs/frontend-state-validation.md	scope-and-revision-revalidation
frontend/src/lib/queries/__tests__/profiles.test.tsx	test-support	not-in-historical-ledger	frontend-app	test	first-party	absent	5258fcaaa7b0dd6fef8d8e9afb6fa6ba36db48ba	added	clean	not-applicable	recorded-full	docs/frontend-state-validation.md	scope-and-revision-revalidation
frontend/src/lib/queries/__tests__/search.test.tsx	test-support	not-in-historical-ledger	frontend-app	test	first-party	absent	3f668ba61a391fe162fbb09912ac36af8728f5f1	added	clean	not-applicable	inventory-only	none-reconciled	complete-file-review-outstanding
frontend/src/lib/queries/__tests__/settings-access.test.tsx	test-support	not-in-historical-ledger	frontend-app	test	first-party	absent	32b5420870e2fc122ae9056262fd9386f061b587	added	clean	not-applicable	inventory-only	none-reconciled	complete-file-review-outstanding
frontend/src/lib/queries/__tests__/settings-account.test.tsx	test-support	not-in-historical-ledger	frontend-app	test	first-party	absent	2584abfb96c71261a30e27dc718f414900581fb4	added	clean	not-applicable	inventory-only	none-reconciled	complete-file-review-outstanding
frontend/src/lib/queries/__tests__/settings-backup-runs.test.tsx	test-support	not-in-historical-ledger	frontend-app	test	first-party	absent	cd665de2d1b0fab2ba76ebe148b4098a03212f27	added	clean	not-applicable	inventory-only	none-reconciled	complete-file-review-outstanding
frontend/src/lib/queries/__tests__/settings-config.test.tsx	test-support	not-in-historical-ledger	frontend-app	test	first-party	absent	6eaf97d1d8869a05fb88a9a168b4a62bbf146282	added	clean	not-applicable	inventory-only	none-reconciled	complete-file-review-outstanding
frontend/src/lib/queries/__tests__/settings-storage.test.tsx	test-support	not-in-historical-ledger	frontend-app	test	first-party	absent	ae7927480ec7875a2bea9fbd199e0078d06b1afb	added	clean	not-applicable	inventory-only	none-reconciled	complete-file-review-outstanding
frontend/src/lib/queries/__tests__/share.test.tsx	test-support	not-in-historical-ledger	frontend-app	test	first-party	absent	708ec3fc8bdf86c4d6c765685577bb71ac4738b4	added	clean	not-applicable	inventory-only	none-reconciled	complete-file-review-outstanding
frontend/src/lib/queries/__tests__/similarity.test.tsx	test-support	not-in-historical-ledger	frontend-app	test	first-party	absent	20f81cd3f1a6eb5edbdb73b52968d377e62e6ecc	added	clean	not-applicable	inventory-only	none-reconciled	complete-file-review-outstanding
frontend/src/lib/queries/captions.ts	source-config	not-in-historical-ledger	frontend-app	source	first-party	absent	d7185bd19bd16546032b28106f93630d9643b352	added	clean	not-applicable	recorded-full	docs/frontend-state-validation.md	scope-and-revision-revalidation
frontend/src/lib/queries/documents.ts	source-config	not-in-historical-ledger	frontend-app	source	first-party	absent	d35fe50e441b254ffb02531867badd9c62535405	added	clean	not-applicable	recorded-full	docs/frontend-state-validation.md	scope-and-revision-revalidation
frontend/src/lib/queries/inbox.ts	source-config	not-in-historical-ledger	frontend-app	source	first-party	absent	65fd39402140ff3b83b9440298aea5f1de74c354	added	clean	not-applicable	recorded-full	docs/frontend-state-validation.md	scope-and-revision-revalidation
frontend/src/lib/queries/profiles.ts	source-config	not-in-historical-ledger	frontend-app	source	first-party	absent	c50864ac956afa4b6120f998431428d04712e68c	added	clean	not-applicable	recorded-full	docs/frontend-state-validation.md	scope-and-revision-revalidation
frontend/src/lib/queries/search.ts	source-config	not-in-historical-ledger	frontend-app	source	first-party	absent	95b8f0e544fe7c378ee61aa2b50d167963a07175	added	clean	not-applicable	inventory-only	none-reconciled	complete-file-review-outstanding
frontend/src/lib/queries/settings-access.ts	source-config	not-in-historical-ledger	frontend-app	source	first-party	absent	77ff6a6e7a16fc103bd8fa5256e8d8c5bc7767f9	added	clean	not-applicable	inventory-only	none-reconciled	complete-file-review-outstanding
frontend/src/lib/queries/settings-account.ts	source-config	not-in-historical-ledger	frontend-app	source	first-party	absent	37699bb84a0e8f2422d18fe81129eec97af710d2	added	clean	not-applicable	inventory-only	none-reconciled	complete-file-review-outstanding
frontend/src/lib/queries/settings-backup-runs.ts	source-config	not-in-historical-ledger	frontend-app	source	first-party	absent	7a894fee80bb2e62b4bc8a3e868893060c78e006	added	clean	not-applicable	inventory-only	none-reconciled	complete-file-review-outstanding
frontend/src/lib/queries/settings-config.ts	source-config	not-in-historical-ledger	frontend-app	configuration	first-party	absent	c472974c5d5e9dfb6998321d6d3abb883356179c	added	clean	not-applicable	inventory-only	none-reconciled	complete-file-review-outstanding
frontend/src/lib/queries/settings-storage.ts	source-config	not-in-historical-ledger	frontend-app	source	first-party	absent	b5aa301c6e48672817a1013f825d084dc8373eae	added	clean	not-applicable	inventory-only	none-reconciled	complete-file-review-outstanding
frontend/src/lib/queries/share.ts	source-config	not-in-historical-ledger	frontend-app	source	first-party	absent	ec4de42a561afb5c03f9a272061849877ea755f0	added	clean	not-applicable	recorded-full	docs/frontend-integration-review.md#manual-inspection-in-this-tranche	scope-and-revision-revalidation
frontend/src/lib/queries/similarity.ts	source-config	not-in-historical-ledger	frontend-app	source	first-party	absent	be57b09461b291aab74dbd7b160925a0a1d89960	added	clean	not-applicable	inventory-only	none-reconciled	complete-file-review-outstanding
frontend/src/lib/queries/statistics.ts	source-config	not-in-historical-ledger	frontend-app	source	first-party	absent	d051277a547159e10dd4b382b25265b7f9743e8a	added	clean	not-applicable	inventory-only	none-reconciled	complete-file-review-outstanding
frontend/src/lib/query-client.ts	source-config	targeted-inspection	frontend-app	source	first-party	a6b134fd51274239276cf65bf550a556c7399dc3	115c84c45a56635bd38fa7d5f623bd76c157e353	modified	clean	not-applicable	recorded-targeted	docs/frontend-architecture/inventory.md#platform-review-record;docs/frontend-architecture/review.md#review-coverage	complete-file-review-outstanding
frontend/src/lib/search-filters.ts	source-config	inventoried	frontend-app	source	first-party	8c932c280e1eceb5e724aad678ac29713ae12549	2ecea7f5721a1bb78eba9cbe5d5aa8dd78475a56	modified	clean	not-applicable	inventory-only	none-reconciled	complete-file-review-outstanding
frontend/src/lib/session-transport.ts	source-config	not-in-historical-ledger	frontend-app	source	first-party	absent	46ec964c263e52f121b63e99a6cf3294c40b4ea8	added	clean	not-applicable	recorded-full	docs/frontend-state-validation.md	scope-and-revision-revalidation
frontend/src/lib/setup-storage.ts	source-config	inventoried	frontend-app	source	first-party	b71ef448ddc45aa38ea2451bab54567fa85ef90d	b71ef448ddc45aa38ea2451bab54567fa85ef90d	unchanged	clean	not-applicable	recorded-full	docs/frontend-state-validation.md	scope-and-revision-revalidation
frontend/src/lib/similarity.ts	source-config	inventoried	frontend-app	source	first-party	017d54270f48d1873ab7502a9ae7b213cf7fd987	017d54270f48d1873ab7502a9ae7b213cf7fd987	unchanged	clean	not-applicable	inventory-only	none-reconciled	complete-file-review-outstanding
frontend/src/lib/startup-timing.ts	source-config	not-in-historical-ledger	frontend-app	source	first-party	5951a98f0255d9583bc539f9e6eb77a3c5e2f4c2	5951a98f0255d9583bc539f9e6eb77a3c5e2f4c2	unchanged	clean	not-applicable	inventory-only	none-reconciled	complete-file-review-outstanding
frontend/src/lib/storage-operations.ts	source-config	inventoried	frontend-app	source	first-party	5b80fe3186920ffef2eb012158a3db653645de69	5b80fe3186920ffef2eb012158a3db653645de69	unchanged	clean	not-applicable	recorded-full	docs/frontend-integration-review.md#manual-inspection-in-this-tranche	scope-and-revision-revalidation
frontend/src/lib/storage-provider-form.ts	source-config	inventoried	frontend-app	source	first-party	9713648d869cffe84a8baa29b79726ab9f1b314d	9713648d869cffe84a8baa29b79726ab9f1b314d	unchanged	clean	not-applicable	inventory-only	none-reconciled	complete-file-review-outstanding
frontend/src/lib/task-center.ts	source-config	inventoried	frontend-app	source	first-party	a4d093db7b9d6bf816dfa461b7398d8712c77cc1	5629a92fb16779e5751067cdefe4a8662dbeabae	modified	clean	not-applicable	recorded-full	docs/frontend-state-validation.md	scope-and-revision-revalidation
frontend/src/lib/thumbnail-camera.ts	source-config	inventoried	frontend-app	source	first-party	8be007d334b000a714e7f8d97875d9db8dbc9b82	8be007d334b000a714e7f8d97875d9db8dbc9b82	unchanged	clean	not-applicable	inventory-only	none-reconciled	complete-file-review-outstanding
frontend/src/lib/thumbnail-profile.generated.ts	source-config	inventoried	frontend-app	source	first-party	71a4a61d9ff583a93f18aa8d50b6f4a3be1cd8ff	71a4a61d9ff583a93f18aa8d50b6f4a3be1cd8ff	unchanged	clean	not-applicable	inventory-only	none-reconciled	complete-file-review-outstanding
frontend/src/lib/toast.ts	source-config	inventoried	frontend-app	source	first-party	b0bf1a992961bf4e160293a2af2a350e11330df8	b0bf1a992961bf4e160293a2af2a350e11330df8	unchanged	clean	not-applicable	inventory-only	none-reconciled	complete-file-review-outstanding
frontend/src/lib/use-authenticated-asset-url.ts	source-config	inventoried	frontend-app	source	first-party	5bbea2647cfc6ed47661e77e7674e14a2020e439	523a97526b858a9230dc5e7633aa9e36d5ada6ca	modified	clean	not-applicable	inventory-only	none-reconciled	complete-file-review-outstanding
frontend/src/lib/use-combobox-nav.ts	source-config	inventoried	frontend-app	source	first-party	98b90fff96540efa1839b7bc0bc9ece199f937f6	98b90fff96540efa1839b7bc0bc9ece199f937f6	unchanged	clean	not-applicable	recorded-full	docs/frontend-state-validation.md	scope-and-revision-revalidation
frontend/src/lib/use-media-query.ts	source-config	inventoried	frontend-app	source	first-party	7c26eacf6694f1e4fd59f6e6124f62d9968376fe	7c26eacf6694f1e4fd59f6e6124f62d9968376fe	unchanged	clean	not-applicable	recorded-full	docs/frontend-state-validation.md	scope-and-revision-revalidation
frontend/src/lib/use-require-auth.ts	source-config	inventoried	frontend-app	source	first-party	86a253d0d7229dca585ac4d71d60e426835e80b0	86a253d0d7229dca585ac4d71d60e426835e80b0	unchanged	clean	not-applicable	inventory-only	none-reconciled	complete-file-review-outstanding
frontend/src/lib/use-startup-thumbnails.ts	source-config	not-in-historical-ledger	frontend-app	source	first-party	b2821decebf1a2f3df65f2cca27fb883802b677a	b2821decebf1a2f3df65f2cca27fb883802b677a	unchanged	clean	not-applicable	inventory-only	none-reconciled	complete-file-review-outstanding
frontend/src/lib/use-stl-preview.ts	source-config	inventoried	frontend-app	source	first-party	08cc96dea71b968055c28e4b4dd0e40984c3a99f	23c28a8307dc2c0726fea736a27add54f3964b82	modified	clean	not-applicable	inventory-only	none-reconciled	complete-file-review-outstanding
frontend/src/lib/use-thumbnail-arrivals.ts	source-config	inventoried	frontend-app	source	first-party	173f1bf41ac8410b9f16f472fb65316a415a1157	173f1bf41ac8410b9f16f472fb65316a415a1157	unchanged	clean	not-applicable	recorded-full	docs/frontend-state-validation.md	scope-and-revision-revalidation
frontend/src/lib/use-viewer-readiness.ts	source-config	inventoried	frontend-app	source	first-party	e7452811a7622f86a629e6d462439f29e4b420a6	e7452811a7622f86a629e6d462439f29e4b420a6	unchanged	clean	not-applicable	inventory-only	none-reconciled	complete-file-review-outstanding
frontend/src/lib/use-viewport-admission.ts	source-config	not-in-historical-ledger	frontend-app	source	first-party	absent	d70c8deca58c24dbf572853ad14b72dd59b28c4e	added	clean	not-applicable	inventory-only	none-reconciled	complete-file-review-outstanding
frontend/src/lib/utils.ts	source-config	inventoried	frontend-app	source	first-party	47397292e726835bc48fc765747ecc432e64ed89	47397292e726835bc48fc765747ecc432e64ed89	unchanged	clean	not-applicable	recorded-full	docs/frontend-state-validation.md	scope-and-revision-revalidation
frontend/src/locales/catalogs.ts	source-config	targeted-inspection	frontend-app	localization	first-party	81d6f04015304fb5e3823fc0acac0705e1b5c0da	81d6f04015304fb5e3823fc0acac0705e1b5c0da	unchanged	clean	not-applicable	recorded-targeted	docs/frontend-architecture/review.md#review-coverage	complete-file-review-outstanding
frontend/src/locales/en.json	source-config	inventoried	frontend-app	localization	first-party	98f5f8c46a0ee2786efd21fc5b9db437e2209deb	604563f6b873b575588fe13e0d9926a70ace93c0	modified	clean	not-applicable	inventory-only	none-reconciled	complete-file-review-outstanding
frontend/src/locales/es.json	source-config	inventoried	frontend-app	localization	first-party	641a8e6db261dc8ee227c62d1f5eb1fbe7d91af8	301c88025e42f9b333098494e4182442af626d45	modified	clean	not-applicable	inventory-only	none-reconciled	complete-file-review-outstanding
frontend/src/main.tsx	source-config	targeted-inspection	frontend-app	source	first-party	6eef008beb4feb8cdd96b167e64969856897bb4c	2f8781432b0c6e3b9d3be7bbc6ea3bf19efdfb2f	modified	clean	not-applicable	recorded-full	docs/frontend-state-validation.md;docs/frontend-architecture/inventory.md#platform-review-record;docs/frontend-architecture/review.md#review-coverage	scope-and-revision-revalidation
frontend/src/pages/__tests__/document-detail.test.tsx	test-support	inventoried	frontend-app	test	first-party	780f880f5b82dad19aa4171d648adbd0801568b6	b214b032ecfcb75ba8b2f5a3b513a7ea1d257686	modified	clean	not-applicable	inventory-only	none-reconciled	complete-file-review-outstanding
frontend/src/pages/__tests__/getting-started.test.tsx	test-support	inventoried	frontend-app	test	first-party	25765f1ebbc4d309cab69ac8416b84d95596fff2	25765f1ebbc4d309cab69ac8416b84d95596fff2	unchanged	clean	not-applicable	inventory-only	none-reconciled	complete-file-review-outstanding
frontend/src/pages/__tests__/inbox-detail.test.tsx	test-support	inventoried	frontend-app	test	first-party	e5e182359b9f83904e9ff51d1052b5ee8eada982	b3ada5e67a87b412082736fa3fb01c1626e0ac49	modified	clean	not-applicable	inventory-only	none-reconciled	complete-file-review-outstanding
frontend/src/pages/__tests__/inbox.test.tsx	test-support	inventoried	frontend-app	test	first-party	aec787b996f558c9ac8010559f795c31c1f763ad	62024174ee8d0efd4d6e99920c15b107eecd8e1f	modified	clean	not-applicable	inventory-only	none-reconciled	complete-file-review-outstanding
frontend/src/pages/__tests__/login.test.tsx	test-support	inventoried	frontend-app	test	first-party	73c4c7339f1a6b4edd9397ca25ce5ab28163702c	205631ad2f846cacfc87893a39669387f4d08889	modified	clean	not-applicable	recorded-full	docs/frontend-state-validation.md	scope-and-revision-revalidation
frontend/src/pages/__tests__/multipart-builds.test.tsx	test-support	inventoried	frontend-app	test	first-party	2fc0008ee056680d410eb520ec426959e8a9cd76	2fc0008ee056680d410eb520ec426959e8a9cd76	unchanged	clean	not-applicable	inventory-only	none-reconciled	complete-file-review-outstanding
frontend/src/pages/__tests__/search.test.tsx	test-support	inventoried	frontend-app	test	first-party	4d0e282f63e0cb3794366e9c9500be4fa43eadd9	7a10fae72049b6d19587cb4542c7c5b6ab8efda9	modified	clean	not-applicable	inventory-only	none-reconciled	complete-file-review-outstanding
frontend/src/pages/__tests__/setup.test.tsx	test-support	inventoried	frontend-app	test	first-party	3cdd956e97d8dae2a47e93758d7d1f9bee6a3a49	c5db463208b6e9f8bbb56d32bc6ad26f6d56c638	modified	clean	not-applicable	recorded-full	docs/frontend-state-validation.md	scope-and-revision-revalidation
frontend/src/pages/__tests__/share.test.tsx	test-support	inventoried	frontend-app	test	first-party	461d7b650401d522f6a5e6a5e1faa1e38116e355	06106142252d8f97b40c9e9bc6f70400fbb7388f	modified	clean	not-applicable	inventory-only	none-reconciled	complete-file-review-outstanding
frontend/src/pages/__tests__/similar-model-comparison.test.tsx	test-support	inventoried	frontend-app	test	first-party	4c4c1b905b6064fcc7a74418aedf5ab41f5232d3	523790fd8e2e927f72912369c2355f9e02a67176	modified	clean	not-applicable	inventory-only	none-reconciled	complete-file-review-outstanding
frontend/src/pages/__tests__/statistics.test.tsx	test-support	inventoried	frontend-app	test	first-party	69ff386f3ca6b5c078e01c955235cc859497ce7d	36ff9e488840ab3a69240e09a3cc2b95a9458de4	modified	clean	not-applicable	inventory-only	none-reconciled	complete-file-review-outstanding
frontend/src/pages/document-detail.tsx	source-config	inventoried	frontend-app	source	first-party	440d2799073ce93269fb67fa5ada2e5ebc7342cb	684bcca93078315ac2633925a6e66eb13fa52c53	modified	clean	not-applicable	inventory-only	none-reconciled	complete-file-review-outstanding
frontend/src/pages/getting-started.tsx	source-config	inventoried	frontend-app	source	first-party	1c77d2fcce1a7d81bf79dd1fa1c8da4c8bfc4ab5	1c77d2fcce1a7d81bf79dd1fa1c8da4c8bfc4ab5	unchanged	clean	not-applicable	inventory-only	none-reconciled	complete-file-review-outstanding
frontend/src/pages/home.tsx	source-config	inventoried	frontend-app	source	first-party	53ba977be71cf09db8ceb8d0dd9a2fca5f605f68	53ba977be71cf09db8ceb8d0dd9a2fca5f605f68	unchanged	clean	not-applicable	inventory-only	none-reconciled	complete-file-review-outstanding
frontend/src/pages/inbox-detail.tsx	source-config	inventoried	frontend-app	source	first-party	998cb552b77b6a22d7543489bb1b641fcf200636	533fa67361a10f6a7573e162f385fbaad7e40e0c	modified	clean	not-applicable	inventory-only	none-reconciled	complete-file-review-outstanding
frontend/src/pages/inbox.tsx	source-config	targeted-inspection	frontend-app	source	first-party	af80aa1511f3bf76e473f77f397e4b636502a241	625458da9018d2a99ab1aff98200eb60c550a654	modified	clean	not-applicable	recorded-targeted	docs/frontend-architecture/review.md#review-coverage	complete-file-review-outstanding
frontend/src/pages/login.tsx	source-config	inventoried	frontend-app	source	first-party	9f62fdf8391a3da98388dce5f5defa4f728a2a1d	0f39035ec671f9715548650cf97da3de1ae2ae62	modified	clean	not-applicable	recorded-full	docs/frontend-state-validation.md	scope-and-revision-revalidation
frontend/src/pages/model-detail.tsx	source-config	inventoried	frontend-app	source	first-party	93d793e16d2ed70aae73fae524455233f7312db5	349db15f0fc9be4cdb33abc547b69b036de40f3c	modified	clean	not-applicable	inventory-only	none-reconciled	complete-file-review-outstanding
frontend/src/pages/multipart-builds.tsx	source-config	inventoried	frontend-app	source	first-party	93494e0dfda4aadf490602546579e4ae0f6e28ac	93494e0dfda4aadf490602546579e4ae0f6e28ac	unchanged	clean	not-applicable	inventory-only	none-reconciled	complete-file-review-outstanding
frontend/src/pages/multipart-model-detail.tsx	source-config	inventoried	frontend-app	source	first-party	d38c4da7c6887c72e23a40a8de4ef99d01dc862c	d38c4da7c6887c72e23a40a8de4ef99d01dc862c	unchanged	clean	not-applicable	inventory-only	none-reconciled	complete-file-review-outstanding
frontend/src/pages/not-found.tsx	source-config	inventoried	frontend-app	source	first-party	b70af6fd4216f1a6d547426940c36ffad88217b2	b70af6fd4216f1a6d547426940c36ffad88217b2	unchanged	clean	not-applicable	inventory-only	none-reconciled	complete-file-review-outstanding
frontend/src/pages/printer-detail.tsx	source-config	inventoried	frontend-app	source	first-party	a530e9a1fd4b097596f254cb29c484c9b047d750	a530e9a1fd4b097596f254cb29c484c9b047d750	unchanged	clean	not-applicable	recorded-full	docs/frontend-integration-review.md#manual-inspection-in-this-tranche	scope-and-revision-revalidation
frontend/src/pages/printers.tsx	source-config	inventoried	frontend-app	source	first-party	459f707e92c88265673c6118144624c748661323	459f707e92c88265673c6118144624c748661323	unchanged	clean	not-applicable	recorded-full	docs/frontend-integration-review.md#manual-inspection-in-this-tranche	scope-and-revision-revalidation
frontend/src/pages/profiles.tsx	source-config	inventoried	frontend-app	source	first-party	764bd1e741ab3d104538b6739fe4b06b2b85da13	764bd1e741ab3d104538b6739fe4b06b2b85da13	unchanged	clean	not-applicable	inventory-only	none-reconciled	complete-file-review-outstanding
frontend/src/pages/search.tsx	source-config	inventoried	frontend-app	source	first-party	8fe392eaffb951c7e5593e8874a202411ff94ec7	ede4fa604d89b7bbda69e454079934e50e134690	modified	modified	deeb9f277e4089bdd6485773a2f04bcb509d728f17b9e71f9dd478733572c9d7	inventory-only	none-reconciled	complete-file-review-outstanding;uncommitted-review-outstanding
frontend/src/pages/settings.tsx	source-config	inventoried	frontend-app	source	first-party	499d50f2c65a851ed48695aea87bced36b10524d	499d50f2c65a851ed48695aea87bced36b10524d	unchanged	clean	not-applicable	recorded-full	docs/frontend-integration-review.md#manual-inspection-in-this-tranche	scope-and-revision-revalidation
frontend/src/pages/setup.tsx	source-config	inventoried	frontend-app	source	first-party	d26af44e2a8ead18ce9a5d429b054a61a81def11	82368a607354e4e3f21f5526c24c11f251c67052	modified	clean	not-applicable	recorded-full	docs/frontend-state-validation.md	scope-and-revision-revalidation
frontend/src/pages/share.tsx	source-config	inventoried	frontend-app	source	first-party	1168d7090c864613b5e58caa53231f869cfa36ba	2f30bbb9dcd73306ddab5028bc73868d76d81632	modified	clean	not-applicable	recorded-full	docs/frontend-integration-review.md#manual-inspection-in-this-tranche	scope-and-revision-revalidation
frontend/src/pages/similar-model-comparison.tsx	source-config	inventoried	frontend-app	source	first-party	0818f5b165a7627e7510e6704c14433014b91fda	396b3d80a0be7870e587bf0902627408f0276e18	modified	clean	not-applicable	inventory-only	none-reconciled	complete-file-review-outstanding
frontend/src/pages/similar-models.tsx	source-config	inventoried	frontend-app	source	first-party	8f7cd4e71ff6fd04189661c2f4984bc031549eb3	8f7cd4e71ff6fd04189661c2f4984bc031549eb3	unchanged	clean	not-applicable	inventory-only	none-reconciled	complete-file-review-outstanding
frontend/src/pages/statistics.tsx	source-config	inventoried	frontend-app	source	first-party	6dc7606c4cbeeac7953222c80b00ae50f7c52302	ec4d61fed0e6cd4db04b84919a9cb271029c92ef	modified	clean	not-applicable	inventory-only	none-reconciled	complete-file-review-outstanding
frontend/src/root-layout.tsx	source-config	inventoried	frontend-app	source	first-party	af976fc25efa95497b5836362ebec182bcdf8731	b9d133a6ddfb708d5d650d0b85f78ff44f8442d1	modified	clean	not-applicable	recorded-full	docs/frontend-state-validation.md	scope-and-revision-revalidation
frontend/src/router.tsx	source-config	targeted-inspection	frontend-app	source	first-party	e1e6e7cc7c0365fa1bafa9defb009737457d369c	e1e6e7cc7c0365fa1bafa9defb009737457d369c	unchanged	clean	not-applicable	recorded-full	docs/frontend-state-validation.md#exact-additional-manual-sourcetestconfig-ledger;docs/frontend-state-validation.md;docs/frontend-architecture/review.md#review-coverage	scope-and-revision-revalidation
frontend/src/test-support/__tests__/factories.test.ts	test-support	inventoried	frontend-app	test	first-party	1f6eda1bdc97bb8fb5ae9dd1b8577c771645fe34	1f6eda1bdc97bb8fb5ae9dd1b8577c771645fe34	unchanged	clean	not-applicable	inventory-only	none-reconciled	complete-file-review-outstanding
frontend/src/test-support/account.ts	test-support	not-in-historical-ledger	frontend-app	test-support	first-party	absent	c796cc004626646dfcfa64b1bcdbba1d78832d8f	added	clean	not-applicable	inventory-only	none-reconciled	complete-file-review-outstanding
frontend/src/test-support/captions.ts	test-support	inventoried	frontend-app	test-support	first-party	b78a0fd1456b2fb63e0c58dad5685105c2671a5f	b78a0fd1456b2fb63e0c58dad5685105c2671a5f	unchanged	clean	not-applicable	inventory-only	none-reconciled	complete-file-review-outstanding
frontend/src/test-support/collection-tree.ts	test-support	inventoried	frontend-app	test-support	first-party	7879bcab11ab542eb77b14b0472ee27da6b7a5e7	7879bcab11ab542eb77b14b0472ee27da6b7a5e7	unchanged	clean	not-applicable	inventory-only	none-reconciled	complete-file-review-outstanding
frontend/src/test-support/factories.ts	test-support	inventoried	frontend-app	test-support	first-party	72ae7d1c6a36e3c87988ab82b66f824526adbcc8	2626d53d3e99af24705da1f963a0dede1ee69e30	modified	clean	not-applicable	inventory-only	none-reconciled	complete-file-review-outstanding
frontend/src/test-support/fetch-backed-xhr.ts	test-support	inventoried	frontend-app	test-support	first-party	4d0e36bdc145b7e75939851d73aff0b550fcd8f0	4d0e36bdc145b7e75939851d73aff0b550fcd8f0	unchanged	clean	not-applicable	inventory-only	none-reconciled	complete-file-review-outstanding
frontend/src/test-support/outliner.ts	test-support	inventoried	frontend-app	test-support	first-party	0c13ccad2475289ab091079cf2e4af64593ded5b	0c13ccad2475289ab091079cf2e4af64593ded5b	unchanged	clean	not-applicable	inventory-only	none-reconciled	complete-file-review-outstanding
frontend/src/test-support/permissions.ts	test-support	not-in-historical-ledger	frontend-app	test-support	first-party	absent	07d0579e39159601734d7d6fee08c2f7f1d4e39a	added	clean	not-applicable	inventory-only	none-reconciled	complete-file-review-outstanding
frontend/src/test-support/render.tsx	test-support	inventoried	frontend-app	test-support	first-party	9a8a746747a001d49639ba7956000a9cfdfefdcf	9a8a746747a001d49639ba7956000a9cfdfefdcf	unchanged	clean	not-applicable	recorded-full	docs/frontend-state-validation.md	scope-and-revision-revalidation
frontend/src/test-support/search.ts	test-support	inventoried	frontend-app	test-support	first-party	d077395fbb59c635fc6c13d6d6e6861335e6ecba	d077395fbb59c635fc6c13d6d6e6861335e6ecba	unchanged	clean	not-applicable	inventory-only	none-reconciled	complete-file-review-outstanding
frontend/src/test-support/similarity.ts	test-support	inventoried	frontend-app	test-support	first-party	47ada489a74fedf77678973c75d99ff43acaf6ad	47ada489a74fedf77678973c75d99ff43acaf6ad	unchanged	clean	not-applicable	inventory-only	none-reconciled	complete-file-review-outstanding
frontend/src/test-support/storage-provider-catalogue.ts	test-support	inventoried	frontend-app	test-support	first-party	96ab05307b139b12f3247641ea24809e0cf23112	96ab05307b139b12f3247641ea24809e0cf23112	unchanged	clean	not-applicable	inventory-only	none-reconciled	complete-file-review-outstanding
frontend/src/types/auth.ts	source-config	inventoried	frontend-app	source	first-party	304a4e7e56a346df5aed919486f4915d298e4554	304a4e7e56a346df5aed919486f4915d298e4554	unchanged	clean	not-applicable	inventory-only	none-reconciled	complete-file-review-outstanding
frontend/src/types/captions.ts	source-config	inventoried	frontend-app	source	first-party	e7fff847cc3961ea439f9fc1fcd72b7990a04379	151351b24935011a0abe9e00b21a1bcc1a722407	modified	clean	not-applicable	inventory-only	none-reconciled	complete-file-review-outstanding
frontend/src/types/config.ts	source-config	inventoried	frontend-app	configuration	first-party	355021cd0f8c366fb53c7612f5727a606320cfff	355021cd0f8c366fb53c7612f5727a606320cfff	unchanged	clean	not-applicable	inventory-only	none-reconciled	complete-file-review-outstanding
frontend/src/types/documents.ts	source-config	inventoried	frontend-app	source	first-party	4e339c1b4117bff0ac3d4b1b9a246c60e131181d	a28e9eff835e6faf749cc5e75773c3c8de7d8e58	modified	clean	not-applicable	inventory-only	none-reconciled	complete-file-review-outstanding
frontend/src/types/inbox.ts	source-config	inventoried	frontend-app	source	first-party	260c6933d3b678a1cc9c4ea0b2ef0097db5d7830	260c6933d3b678a1cc9c4ea0b2ef0097db5d7830	unchanged	clean	not-applicable	inventory-only	none-reconciled	complete-file-review-outstanding
frontend/src/types/index.ts	source-config	inventoried	frontend-app	source	first-party	074b2b1288b0151b443523d7f2bbd2d9444731fe	7fb8b9759b4b79417c635615699ccd9e785892f7	modified	clean	not-applicable	inventory-only	none-reconciled	complete-file-review-outstanding
frontend/src/types/library-browse.ts	source-config	not-in-historical-ledger	frontend-app	source	first-party	absent	0b7821d3f7283b59a9947929d36336ff451d11d1	added	clean	not-applicable	inventory-only	none-reconciled	complete-file-review-outstanding
frontend/src/types/maintenance.ts	source-config	inventoried	frontend-app	source	first-party	9687733bb98ad5c013ee06def49a874f8abe1f69	9687733bb98ad5c013ee06def49a874f8abe1f69	unchanged	clean	not-applicable	inventory-only	none-reconciled	complete-file-review-outstanding
frontend/src/types/models.ts	source-config	inventoried	frontend-app	source	first-party	e8f37c28c677d0f01c3f4a5be93b1136ddcc3a04	29ff3e4d051d9ab7cce697ded7326e1f3f290eef	modified	clean	not-applicable	inventory-only	none-reconciled	complete-file-review-outstanding
frontend/src/types/multipart-builds.ts	source-config	inventoried	frontend-app	source	first-party	6ebc45963c255159f9c33682ce186c20f8c62c08	6ebc45963c255159f9c33682ce186c20f8c62c08	unchanged	clean	not-applicable	inventory-only	none-reconciled	complete-file-review-outstanding
frontend/src/types/multipart-models.ts	source-config	inventoried	frontend-app	source	first-party	f7c4fc3e63b7fd3f9527a4b19caa32f31a304a2f	61a253034db60199ad96b64523ebb772b9975bce	modified	clean	not-applicable	inventory-only	none-reconciled	complete-file-review-outstanding
frontend/src/types/notifications.ts	source-config	inventoried	frontend-app	source	first-party	41a5b417f25d09cbff9d70c26f6266d8d308e051	41a5b417f25d09cbff9d70c26f6266d8d308e051	unchanged	clean	not-applicable	inventory-only	none-reconciled	complete-file-review-outstanding
frontend/src/types/outliner.ts	source-config	inventoried	frontend-app	source	first-party	84d80451aa9086b065bedfc77e4f504ad280095d	84d80451aa9086b065bedfc77e4f504ad280095d	unchanged	clean	not-applicable	inventory-only	none-reconciled	complete-file-review-outstanding
frontend/src/types/printers.ts	source-config	inventoried	frontend-app	source	first-party	9fd45f369faecf7e2777c6a58b69ef30630421e9	9fd45f369faecf7e2777c6a58b69ef30630421e9	unchanged	clean	not-applicable	inventory-only	none-reconciled	complete-file-review-outstanding
frontend/src/types/provenance.ts	source-config	inventoried	frontend-app	source	first-party	61c3d5efa51e0ad95d0dcd8c022bf3d7300faa7b	61c3d5efa51e0ad95d0dcd8c022bf3d7300faa7b	unchanged	clean	not-applicable	inventory-only	none-reconciled	complete-file-review-outstanding
frontend/src/types/provider-connections.ts	source-config	inventoried	frontend-app	source	first-party	c662282f2b63240d739429f9bf1e9e014b04e627	c662282f2b63240d739429f9bf1e9e014b04e627	unchanged	clean	not-applicable	inventory-only	none-reconciled	complete-file-review-outstanding
frontend/src/types/search.ts	source-config	inventoried	frontend-app	source	first-party	17f89ff7c12ec1893cbde5b166c7e16ce0cf8922	17f89ff7c12ec1893cbde5b166c7e16ce0cf8922	unchanged	clean	not-applicable	inventory-only	none-reconciled	complete-file-review-outstanding
frontend/src/types/similarity.ts	source-config	inventoried	frontend-app	source	first-party	970c5712856cb109bcbf324a776a01ede338d2cd	970c5712856cb109bcbf324a776a01ede338d2cd	unchanged	clean	not-applicable	inventory-only	none-reconciled	complete-file-review-outstanding
frontend/src/types/spoolman.ts	source-config	inventoried	frontend-app	source	first-party	59b1e3ea4c2bede07ecbf2dce609e4152d992fab	59b1e3ea4c2bede07ecbf2dce609e4152d992fab	unchanged	clean	not-applicable	inventory-only	none-reconciled	complete-file-review-outstanding
frontend/tailwind.config.cjs	source-config	inventoried	frontend-app	configuration	first-party	8189ebc97bb83040829d2ce3d379ebfc3c07750c	8189ebc97bb83040829d2ce3d379ebfc3c07750c	unchanged	clean	not-applicable	inventory-only	none-reconciled	complete-file-review-outstanding
frontend/tests/e2e-real/README.md	test-support	inventoried	frontend-app	test-support	first-party	7bd1b7ce0f3b90c6c6c241404cedf33d0e4a8e65	7bd1b7ce0f3b90c6c6c241404cedf33d0e4a8e65	unchanged	clean	not-applicable	inventory-only	none-reconciled	complete-file-review-outstanding
frontend/tests/e2e-real/account.spec.ts	test-support	not-in-historical-ledger	frontend-app	test	first-party	absent	5cd4bab31e015ae8a6dbe26e0c921bf173d6b5e0	added	clean	not-applicable	inventory-only	none-reconciled	complete-file-review-outstanding
frontend/tests/e2e-real/ai-search-settings.spec.ts	test-support	not-in-historical-ledger	frontend-app	test	first-party	absent	d8f49f44a31bea9f134ec22aeeeedec5a9d2df55	added	clean	not-applicable	inventory-only	none-reconciled	complete-file-review-outstanding
frontend/tests/e2e-real/ai-search/nl-filters.spec.ts	test-support	inventoried	frontend-app	test	first-party	41fb3a790b0cd961276a298dc98734829ca36267	41fb3a790b0cd961276a298dc98734829ca36267	unchanged	clean	not-applicable	inventory-only	none-reconciled	complete-file-review-outstanding
frontend/tests/e2e-real/ai-search/search.spec.ts	test-support	inventoried	frontend-app	test	first-party	9c38c408b8bd9938d1c5580c79325cba60fa8453	9c38c408b8bd9938d1c5580c79325cba60fa8453	unchanged	clean	not-applicable	inventory-only	none-reconciled	complete-file-review-outstanding
frontend/tests/e2e-real/ai-search/sparse.preplaced.ts	test-support	inventoried	frontend-app	test-support	first-party	6241bc223f64b32305b7b9e5770883e4efb930da	6241bc223f64b32305b7b9e5770883e4efb930da	unchanged	clean	not-applicable	inventory-only	none-reconciled	complete-file-review-outstanding
frontend/tests/e2e-real/artifact-cache.spec.ts	test-support	inventoried	frontend-app	test	first-party	bc2ebc3f857cf1a14e44e0ca17b3157090b41e0e	bc2ebc3f857cf1a14e44e0ca17b3157090b41e0e	unchanged	clean	not-applicable	inventory-only	none-reconciled	complete-file-review-outstanding
frontend/tests/e2e-real/auth.spec.ts	test-support	inventoried	frontend-app	test	first-party	e436a52af3a48a19fc6982f4d7b8b4f97a8df7bc	e436a52af3a48a19fc6982f4d7b8b4f97a8df7bc	unchanged	clean	not-applicable	inventory-only	none-reconciled	complete-file-review-outstanding
frontend/tests/e2e-real/background-work.spec.ts	test-support	inventoried	frontend-app	test	first-party	6db277c6d7c2dab533a1c37ae6427f21e84591ff	6db277c6d7c2dab533a1c37ae6427f21e84591ff	unchanged	clean	not-applicable	inventory-only	none-reconciled	complete-file-review-outstanding
frontend/tests/e2e-real/backup-recovery.spec.ts	test-support	inventoried	frontend-app	test	first-party	c4b8892431e0e62ea66829ff5eaa242271d32710	c4b8892431e0e62ea66829ff5eaa242271d32710	unchanged	clean	not-applicable	inventory-only	none-reconciled	complete-file-review-outstanding
frontend/tests/e2e-real/batch.spec.ts	test-support	inventoried	frontend-app	test	first-party	6e29cce9614cef5d7cd3c69e47fb130be809152a	6e29cce9614cef5d7cd3c69e47fb130be809152a	unchanged	clean	not-applicable	inventory-only	none-reconciled	complete-file-review-outstanding
frontend/tests/e2e-real/bgcode.spec.ts	test-support	inventoried	frontend-app	test	first-party	4718b232b29afd5749cd559c833fd1a65cafa610	4718b232b29afd5749cd559c833fd1a65cafa610	unchanged	clean	not-applicable	inventory-only	none-reconciled	complete-file-review-outstanding
frontend/tests/e2e-real/captions.spec.ts	test-support	not-in-historical-ledger	frontend-app	test	first-party	absent	dfaf05044078d257458123e3ebe84a5ec70182aa	added	clean	not-applicable	inventory-only	none-reconciled	complete-file-review-outstanding
frontend/tests/e2e-real/collection-access.spec.ts	test-support	inventoried	frontend-app	test	first-party	c1292b6a9746395db0968b4d01673a374922fd72	74dab4f9d84c7d6c438a545583e17fa0f68a3dac	modified	clean	not-applicable	inventory-only	none-reconciled	complete-file-review-outstanding
frontend/tests/e2e-real/collection-tree.spec.ts	test-support	inventoried	frontend-app	test	first-party	3598d65c401a2c566c53741951fc403af17131e3	3598d65c401a2c566c53741951fc403af17131e3	unchanged	clean	not-applicable	inventory-only	none-reconciled	complete-file-review-outstanding
frontend/tests/e2e-real/collections.spec.ts	test-support	inventoried	frontend-app	test	first-party	21d99150daf716b05cadd395313b2e4509e061ba	21d99150daf716b05cadd395313b2e4509e061ba	unchanged	clean	not-applicable	inventory-only	none-reconciled	complete-file-review-outstanding
frontend/tests/e2e-real/compare.spec.ts	test-support	inventoried	frontend-app	test	first-party	240031b2f6a7ae7b257c93361f0536d7a359f277	240031b2f6a7ae7b257c93361f0536d7a359f277	unchanged	clean	not-applicable	inventory-only	none-reconciled	complete-file-review-outstanding
frontend/tests/e2e-real/critical/remote-backup.spec.ts	test-support	inventoried	frontend-app	test	first-party	b85f44372a9850d9ecd6660cfd49b20aa97a986f	ad4b718434b30a883bc40a3f009d91fdc7b9e2d5	modified	clean	not-applicable	inventory-only	none-reconciled	complete-file-review-outstanding
frontend/tests/e2e-real/customization.spec.ts	test-support	inventoried	frontend-app	test	first-party	b3a3cf408b4456ed430d870ddac1d9de6354520e	b3a3cf408b4456ed430d870ddac1d9de6354520e	unchanged	clean	not-applicable	inventory-only	none-reconciled	complete-file-review-outstanding
frontend/tests/e2e-real/delivery/harness.html	test-support	inventoried	frontend-app	test-support	first-party	1b204b5dc669f4d3f044ca3d411ffeec582c3fc6	1b204b5dc669f4d3f044ca3d411ffeec582c3fc6	unchanged	clean	not-applicable	recorded-full	docs/frontend-architecture/inventory.md#platform-review-record	scope-and-revision-revalidation
frontend/tests/e2e-real/delivery/harness.ts	test-support	inventoried	frontend-app	test-support	first-party	a827d52725a49ecadbf190b13ee0cbd096e742ed	a827d52725a49ecadbf190b13ee0cbd096e742ed	unchanged	clean	not-applicable	inventory-only	none-reconciled	complete-file-review-outstanding
frontend/tests/e2e-real/delivery/native-download.spec.ts	test-support	inventoried	frontend-app	test	first-party	cb1f31338e361a0127ba245d321d9a7a0ab78096	cb1f31338e361a0127ba245d321d9a7a0ab78096	unchanged	clean	not-applicable	recorded-targeted	docs/frontend-architecture/inventory.md#platform-review-record	complete-file-review-outstanding
frontend/tests/e2e-real/documents.spec.ts	test-support	inventoried	frontend-app	test	first-party	ddb8fb1d01eb6eabb814c2ea38e3ee85b3149122	fee785d40c5525b043034193aab8580b316fb39e	modified	clean	not-applicable	inventory-only	none-reconciled	complete-file-review-outstanding
frontend/tests/e2e-real/environment-admin/first-owner.spec.ts	test-support	inventoried	frontend-app	test	first-party	ace21045562e7f6ef143412dcc9cb5299456a71f	ace21045562e7f6ef143412dcc9cb5299456a71f	unchanged	clean	not-applicable	inventory-only	none-reconciled	complete-file-review-outstanding
frontend/tests/e2e-real/external-libraries.spec.ts	test-support	inventoried	frontend-app	test	first-party	a74a43e7cf59fea7b8b12f2202c01e9356153aa6	a74a43e7cf59fea7b8b12f2202c01e9356153aa6	unchanged	clean	not-applicable	inventory-only	none-reconciled	complete-file-review-outstanding
frontend/tests/e2e-real/fleet.spec.ts	test-support	inventoried	frontend-app	test	first-party	41df1045cd664ff75fbb4df5792f88ba55112d55	41df1045cd664ff75fbb4df5792f88ba55112d55	unchanged	clean	not-applicable	inventory-only	none-reconciled	complete-file-review-outstanding
frontend/tests/e2e-real/helpers.ts	test-support	inventoried	frontend-app	test-support	first-party	d3a2ebf2f4c7ea05176ac88073d87ac407df01d4	d3a2ebf2f4c7ea05176ac88073d87ac407df01d4	unchanged	clean	not-applicable	inventory-only	none-reconciled	complete-file-review-outstanding
frontend/tests/e2e-real/i18n.spec.ts	test-support	inventoried	frontend-app	test	first-party	a7f1bdd611e613948d4fda5ca4e5bc98cc48bce0	a7f1bdd611e613948d4fda5ca4e5bc98cc48bce0	unchanged	clean	not-applicable	inventory-only	none-reconciled	complete-file-review-outstanding
frontend/tests/e2e-real/migration/vault-migration.spec.ts	test-support	inventoried	frontend-app	test	first-party	5cab455ea4552607df099102e99264dfc8e24141	5cab455ea4552607df099102e99264dfc8e24141	unchanged	clean	not-applicable	inventory-only	none-reconciled	complete-file-review-outstanding
frontend/tests/e2e-real/mobile.spec.ts	test-support	inventoried	frontend-app	test	first-party	c267e01829200120e0a9175fffedf74a0fc80e55	c267e01829200120e0a9175fffedf74a0fc80e55	unchanged	clean	not-applicable	inventory-only	none-reconciled	complete-file-review-outstanding
frontend/tests/e2e-real/model-detail.spec.ts	test-support	inventoried	frontend-app	test	first-party	14c92c1dded5a0fa8c0a442857328c6dcdbc274e	14c92c1dded5a0fa8c0a442857328c6dcdbc274e	unchanged	clean	not-applicable	inventory-only	none-reconciled	complete-file-review-outstanding
frontend/tests/e2e-real/models.spec.ts	test-support	inventoried	frontend-app	test	first-party	c809c59190f41d02090d680c41ea2f73b0ff8ede	c809c59190f41d02090d680c41ea2f73b0ff8ede	unchanged	clean	not-applicable	inventory-only	none-reconciled	complete-file-review-outstanding
frontend/tests/e2e-real/multipart-builds.spec.ts	test-support	inventoried	frontend-app	test	first-party	3208c8be1ad947ca2cf053e2e2ea0b9abd72129a	3208c8be1ad947ca2cf053e2e2ea0b9abd72129a	unchanged	clean	not-applicable	inventory-only	none-reconciled	complete-file-review-outstanding
frontend/tests/e2e-real/multipart-models.spec.ts	test-support	inventoried	frontend-app	test	first-party	d2c3759c7d9a76a31958282c33e706e7f46fecf0	679af3130335b964a6f34c0f6f755b09b6e4a186	modified	clean	not-applicable	inventory-only	none-reconciled	complete-file-review-outstanding
frontend/tests/e2e-real/onboarding/first-model.spec.ts	test-support	inventoried	frontend-app	test	first-party	8fd830954f402aa917f691527e1e8de8928228a3	8fd830954f402aa917f691527e1e8de8928228a3	unchanged	clean	not-applicable	inventory-only	none-reconciled	complete-file-review-outstanding
frontend/tests/e2e-real/outliner-pagination.spec.ts	test-support	inventoried	frontend-app	test	first-party	d81321d73db9f5a8039543550ac2c8439d2bb3fc	d81321d73db9f5a8039543550ac2c8439d2bb3fc	unchanged	clean	not-applicable	inventory-only	none-reconciled	complete-file-review-outstanding
frontend/tests/e2e-real/printer-access.spec.ts	test-support	not-in-historical-ledger	frontend-app	test	first-party	absent	8c774233a93c9c2955fdf4c823e92702b77c283c	added	clean	not-applicable	inventory-only	none-reconciled	complete-file-review-outstanding
frontend/tests/e2e-real/printers.spec.ts	test-support	inventoried	frontend-app	test	first-party	610cf332cca6cc8a5c5ff9ac7ee936c291972904	610cf332cca6cc8a5c5ff9ac7ee936c291972904	unchanged	clean	not-applicable	inventory-only	none-reconciled	complete-file-review-outstanding
frontend/tests/e2e-real/profiles.spec.ts	test-support	inventoried	frontend-app	test	first-party	9dc3f07e7e419a21db14ac7826473f3add4a696a	a291f9de6bcb3b41b336903e92ac88d3f222b47a	modified	clean	not-applicable	inventory-only	none-reconciled	complete-file-review-outstanding
frontend/tests/e2e-real/rbac.spec.ts	test-support	inventoried	frontend-app	test	first-party	f692205f46658bec0c3c2297c733ab30f55fa04d	f692205f46658bec0c3c2297c733ab30f55fa04d	unchanged	clean	not-applicable	inventory-only	none-reconciled	complete-file-review-outstanding
frontend/tests/e2e-real/revisions.spec.ts	test-support	inventoried	frontend-app	test	first-party	b4cb1240e17b7cf9fb9e17ac3511a64030343348	b4cb1240e17b7cf9fb9e17ac3511a64030343348	unchanged	clean	not-applicable	inventory-only	none-reconciled	complete-file-review-outstanding
frontend/tests/e2e-real/saved-views.spec.ts	test-support	inventoried	frontend-app	test	first-party	41c0aaa07a64939be2a6c67aeef6ad62d00c70df	41c0aaa07a64939be2a6c67aeef6ad62d00c70df	unchanged	clean	not-applicable	inventory-only	none-reconciled	complete-file-review-outstanding
frontend/tests/e2e-real/scripts/start-ai-search-backend.sh	test-support	inventoried	frontend-app	test-support	first-party	b294384510456501f05332d730be8f2af09dac19	b294384510456501f05332d730be8f2af09dac19	unchanged	clean	not-applicable	inventory-only	none-reconciled	complete-file-review-outstanding
frontend/tests/e2e-real/scripts/start-backend.sh	test-support	inventoried	frontend-app	test-support	first-party	09be7b352bf5283940e5db787724bd1094d16a9f	09be7b352bf5283940e5db787724bd1094d16a9f	unchanged	clean	not-applicable	inventory-only	none-reconciled	complete-file-review-outstanding
frontend/tests/e2e-real/scripts/start-delivery-backend.sh	test-support	inventoried	frontend-app	test-support	first-party	e228f0979d0ed20c5787a075c0ae8a87dd0679ba	e228f0979d0ed20c5787a075c0ae8a87dd0679ba	unchanged	clean	not-applicable	inventory-only	none-reconciled	complete-file-review-outstanding
frontend/tests/e2e-real/scripts/start-mock-printer.sh	test-support	inventoried	frontend-app	test-support	first-party	566949d14d888b408afc6ce6091cd9dbf884ccea	566949d14d888b408afc6ce6091cd9dbf884ccea	unchanged	clean	not-applicable	inventory-only	none-reconciled	complete-file-review-outstanding
frontend/tests/e2e-real/scripts/start-storage-backend.sh	test-support	inventoried	frontend-app	test-support	first-party	7a4b44b28c867f0fd04dc845f587357df9d657f4	7a4b44b28c867f0fd04dc845f587357df9d657f4	unchanged	clean	not-applicable	inventory-only	none-reconciled	complete-file-review-outstanding
frontend/tests/e2e-real/settings.spec.ts	test-support	inventoried	frontend-app	test	first-party	1f874f97e55ace3d4a04b564fe6078552e500db1	1f874f97e55ace3d4a04b564fe6078552e500db1	unchanged	clean	not-applicable	inventory-only	none-reconciled	complete-file-review-outstanding
frontend/tests/e2e-real/share.spec.ts	test-support	inventoried	frontend-app	test	first-party	2b1b6c000e02a777673e3474e8b6cb27a7ccfced	829c48e5bd3a3d4f91df83fc91ddfaeb89fee011	modified	clean	not-applicable	inventory-only	none-reconciled	complete-file-review-outstanding
frontend/tests/e2e-real/similarity.spec.ts	test-support	inventoried	frontend-app	test	first-party	83730e7d29fc03329a272695c9ec9d56d17426a8	4cda71d4b66b77a5e8fa11ca60371dc7dc5fcdcc	modified	clean	not-applicable	inventory-only	none-reconciled	complete-file-review-outstanding
frontend/tests/e2e-real/spoolman.spec.ts	test-support	inventoried	frontend-app	test	first-party	89d8dc40c7e9ad0f0baa8699356147cfbf3c08c3	89d8dc40c7e9ad0f0baa8699356147cfbf3c08c3	unchanged	clean	not-applicable	inventory-only	none-reconciled	complete-file-review-outstanding
frontend/tests/e2e-real/sso-settings.spec.ts	test-support	inventoried	frontend-app	test	first-party	33c153eab82db50d59cf045c06a8b1c8ba7f90f3	499c0e7225820b11ef3c2eed077957c490d0ae74	modified	clean	not-applicable	inventory-only	none-reconciled	complete-file-review-outstanding
frontend/tests/e2e-real/storage-presets/storage-presets.spec.ts	test-support	inventoried	frontend-app	test	first-party	d2d37ea0a8c78a508fa59ce7fd5eef64bea1e3fa	3d72d9eb0ed486b8288ab7351fd56394f1802cd6	modified	clean	not-applicable	inventory-only	none-reconciled	complete-file-review-outstanding
frontend/tests/e2e-real/storage/storage-provider.spec.ts	test-support	inventoried	frontend-app	test	first-party	a81c03a7b3acbe401f62fc3b307318ad8009cb26	a81c03a7b3acbe401f62fc3b307318ad8009cb26	unchanged	clean	not-applicable	inventory-only	none-reconciled	complete-file-review-outstanding
frontend/tests/e2e-real/structured-filters.spec.ts	test-support	inventoried	frontend-app	test	first-party	1e34f0986e71542e1e698ea92351a3dec465f1d7	1e34f0986e71542e1e698ea92351a3dec465f1d7	unchanged	clean	not-applicable	inventory-only	none-reconciled	complete-file-review-outstanding
frontend/tests/e2e-real/tags.spec.ts	test-support	inventoried	frontend-app	test	first-party	4a869f9910f92414afa85198b3184afa5c405533	38e57f37c7d9a590e81ac6e8e84aed0f1f0b473b	modified	clean	not-applicable	inventory-only	none-reconciled	complete-file-review-outstanding
frontend/tests/e2e-real/transfer.spec.ts	test-support	inventoried	frontend-app	test	first-party	f4e2e6586fae447ebaab624b235b85b5b4a3cdbd	f4e2e6586fae447ebaab624b235b85b5b4a3cdbd	unchanged	clean	not-applicable	inventory-only	none-reconciled	complete-file-review-outstanding
frontend/tests/e2e-real/uploads.spec.ts	test-support	inventoried	frontend-app	test	first-party	0925421d0c7a80c81866f6d6ef0c322477daa4f4	0925421d0c7a80c81866f6d6ef0c322477daa4f4	unchanged	clean	not-applicable	inventory-only	none-reconciled	complete-file-review-outstanding
frontend/tests/e2e-real/users.spec.ts	test-support	inventoried	frontend-app	test	first-party	589f6649de1fe7e56dbb7a1931afa73caa700f64	589f6649de1fe7e56dbb7a1931afa73caa700f64	unchanged	clean	not-applicable	inventory-only	none-reconciled	complete-file-review-outstanding
frontend/tests/e2e-real/util.ts	test-support	inventoried	frontend-app	test-support	first-party	67a28b55a1519022e5f84d2ce44190db8ab9692e	67a28b55a1519022e5f84d2ce44190db8ab9692e	unchanged	clean	not-applicable	inventory-only	none-reconciled	complete-file-review-outstanding
frontend/tests/e2e-real/vault.spec.ts	test-support	inventoried	frontend-app	test	first-party	ea19bf63c09f71248a08d39d30053520dde818a3	ea19bf63c09f71248a08d39d30053520dde818a3	unchanged	clean	not-applicable	inventory-only	none-reconciled	complete-file-review-outstanding
frontend/tests/e2e-real/viewer-stl.spec.ts	test-support	inventoried	frontend-app	test	first-party	b0a1dcb110d388f0e1fc3cf36ca240e4442696d4	b0a1dcb110d388f0e1fc3cf36ca240e4442696d4	unchanged	clean	not-applicable	inventory-only	none-reconciled	complete-file-review-outstanding
frontend/tests/e2e-real/zip-upload.spec.ts	test-support	inventoried	frontend-app	test	first-party	e7136101cb5d3d71f7e4f1575c062992dfd29f5f	e7136101cb5d3d71f7e4f1575c062992dfd29f5f	unchanged	clean	not-applicable	inventory-only	none-reconciled	complete-file-review-outstanding
frontend/tests/e2e/_request-failures.ts	test-support	inventoried	frontend-app	test-support	first-party	ba5f48a0e241d16b80c1c8a325c28ff2d6e012c5	ba5f48a0e241d16b80c1c8a325c28ff2d6e012c5	unchanged	clean	not-applicable	inventory-only	none-reconciled	complete-file-review-outstanding
frontend/tests/e2e/_setup.ts	test-support	inventoried	frontend-app	test-support	first-party	25c3f2de2832e77a69ffebfba612b3398d7f61de	d59175ab3d81265eca1638d73826d887103fba8d	modified	clean	not-applicable	inventory-only	none-reconciled	complete-file-review-outstanding
frontend/tests/e2e/i18n.spec.ts	test-support	inventoried	frontend-app	test	first-party	095224e8578c9f775eb2a962da59a1840a929fbc	095224e8578c9f775eb2a962da59a1840a929fbc	unchanged	clean	not-applicable	inventory-only	none-reconciled	complete-file-review-outstanding
frontend/tests/e2e/inbox.spec.ts	test-support	inventoried	frontend-app	test	first-party	d64e0fbd3202d6b9352931c66cbef371b52ba3b7	bb6a63865a6770e9c4fafbf82ab195908d143b78	modified	clean	not-applicable	inventory-only	none-reconciled	complete-file-review-outstanding
frontend/tests/e2e/library-navigation.spec.ts	test-support	not-in-historical-ledger	frontend-app	test	first-party	absent	0b306718e23a34afd1213cb1fa676090330b8f97	added	clean	not-applicable	inventory-only	none-reconciled	complete-file-review-outstanding
frontend/tests/e2e/library-snapshot.spec.ts	test-support	not-in-historical-ledger	frontend-app	test	first-party	absent	absent	absent-at-both	untracked	a24c2d2d7118df7db750c464e272e415513ff8d8e850de7e78556c9d4677e6af	inventory-only	none-reconciled	complete-file-review-outstanding;uncommitted-review-outstanding
frontend/tests/e2e/mock-api.ts	test-support	inventoried	frontend-app	test-support	first-party	04823ae2206d9abafc32fa5e7821c6f34b9a114b	3d8ac88963ddf981f4fda068f2af8a6778d21a9c	modified	clean	not-applicable	inventory-only	none-reconciled	complete-file-review-outstanding
frontend/tests/e2e/model-detail.spec.ts	test-support	inventoried	frontend-app	test	first-party	b553b9acc5a49fac92507ce71d041280d11143c5	20af682c5cd0cb7cb798ab74037c167208087241	modified	clean	not-applicable	inventory-only	none-reconciled	complete-file-review-outstanding
frontend/tests/e2e/motion.spec.ts	test-support	inventoried	frontend-app	test	first-party	63a38e0e5dfdd44d5a7a772044feecff1b7fa833	b646b120e4b47b33b60de0b62ec4e2c473fe79d2	modified	clean	not-applicable	inventory-only	none-reconciled	complete-file-review-outstanding
frontend/tests/e2e/multipart-models.spec.ts	test-support	inventoried	frontend-app	test	first-party	e0bc9b0bd20bb3ef2809a7f459d42b194f1aecbb	1eb0005f0e2653bfd5cd2ea095280eb840e84304	modified	clean	not-applicable	inventory-only	none-reconciled	complete-file-review-outstanding
frontend/tests/e2e/navigation.spec.ts	test-support	inventoried	frontend-app	test	first-party	693091825c8570cc1311fd662f9c4520cf64d9bc	693091825c8570cc1311fd662f9c4520cf64d9bc	unchanged	clean	not-applicable	inventory-only	none-reconciled	complete-file-review-outstanding
frontend/tests/e2e/page-problems.spec.ts	test-support	inventoried	frontend-app	test	first-party	1da05c0335ed29bb2027d314ce869b54a4d91e88	1da05c0335ed29bb2027d314ce869b54a4d91e88	unchanged	clean	not-applicable	inventory-only	none-reconciled	complete-file-review-outstanding
frontend/tests/e2e/pending-imports.spec.ts	test-support	inventoried	frontend-app	test	first-party	e10294e8c7130c92707e93dbe94fcd369a461e39	e10294e8c7130c92707e93dbe94fcd369a461e39	unchanged	clean	not-applicable	inventory-only	none-reconciled	complete-file-review-outstanding
frontend/tests/e2e/printers.spec.ts	test-support	inventoried	frontend-app	test	first-party	55cc96885ab7534b5282390d65204e20d64b50f0	55cc96885ab7534b5282390d65204e20d64b50f0	unchanged	clean	not-applicable	inventory-only	none-reconciled	complete-file-review-outstanding
frontend/tests/e2e/profiles.spec.ts	test-support	inventoried	frontend-app	test	first-party	789251862c1e44978d8abcdf8c891df605b1aef4	789251862c1e44978d8abcdf8c891df605b1aef4	unchanged	clean	not-applicable	inventory-only	none-reconciled	complete-file-review-outstanding
frontend/tests/e2e/protected-assets.spec.ts	test-support	not-in-historical-ledger	frontend-app	test	first-party	absent	0c8f1565d25914f6884bf0e875b044fbb2c8a6e4	added	clean	not-applicable	inventory-only	none-reconciled	complete-file-review-outstanding
frontend/tests/e2e/pwa-production.spec.ts	test-support	not-in-historical-ledger	frontend-app	test	first-party	absent	7b4d98b6070d131c9facb44ca1ae717cf9273668	added	clean	not-applicable	recorded-full	docs/frontend-state-validation.md	scope-and-revision-revalidation
frontend/tests/e2e/pwa.spec.ts	test-support	inventoried	frontend-app	test	first-party	ba955350c91f9b0882d2023b475297e60925e723	ba955350c91f9b0882d2023b475297e60925e723	unchanged	clean	not-applicable	recorded-full	docs/frontend-state-validation.md	scope-and-revision-revalidation
frontend/tests/e2e/search-clarity.spec.ts	test-support	inventoried	frontend-app	test	first-party	2223ef8265e7f22ccefb086c01f23fa82b70176a	2223ef8265e7f22ccefb086c01f23fa82b70176a	unchanged	clean	not-applicable	inventory-only	none-reconciled	complete-file-review-outstanding
frontend/tests/e2e/settings.spec.ts	test-support	inventoried	frontend-app	test	first-party	025a95eaee18a3856faa7ab671cf29fde4bdf8c0	025a95eaee18a3856faa7ab671cf29fde4bdf8c0	unchanged	clean	not-applicable	inventory-only	none-reconciled	complete-file-review-outstanding
frontend/tests/e2e/similarity.spec.ts	test-support	inventoried	frontend-app	test	first-party	ae2905ad62dc362ae9e34aeb70ee46f81f1dc38e	ae2905ad62dc362ae9e34aeb70ee46f81f1dc38e	unchanged	clean	not-applicable	inventory-only	none-reconciled	complete-file-review-outstanding
frontend/tests/e2e/storage-presets.spec.ts	test-support	inventoried	frontend-app	test	first-party	ae3ecbbc221e767f7da1fbbc61b01439088fdccd	ae3ecbbc221e767f7da1fbbc61b01439088fdccd	unchanged	clean	not-applicable	inventory-only	none-reconciled	complete-file-review-outstanding
frontend/tests/e2e/upload-collection-layout.spec.ts	test-support	inventoried	frontend-app	test	first-party	a95a1b906a96ab159a5ef10f783495defa950352	a95a1b906a96ab159a5ef10f783495defa950352	unchanged	clean	not-applicable	inventory-only	none-reconciled	complete-file-review-outstanding
frontend/tests/e2e/uploads.spec.ts	test-support	inventoried	frontend-app	test	first-party	c0fc81e8719d2f171305a396ce89e542eb740ac8	c0fc81e8719d2f171305a396ce89e542eb740ac8	unchanged	clean	not-applicable	inventory-only	none-reconciled	complete-file-review-outstanding
frontend/tests/e2e/vault.spec.ts	test-support	inventoried	frontend-app	test	first-party	c92faccfa2ac512b81a37001cd90944e647e6855	25580777ba558c22b94155d8386504b1a292f391	modified	clean	not-applicable	inventory-only	none-reconciled	complete-file-review-outstanding
frontend/tests/performance/library-startup.spec.ts	test-support	not-in-historical-ledger	frontend-app	test	first-party	c4168cce711b3d158142007c4a77a724dc1e7590	c4168cce711b3d158142007c4a77a724dc1e7590	unchanged	clean	not-applicable	inventory-only	none-reconciled	complete-file-review-outstanding
frontend/tests/performance/scripts/start-backend.sh	test-support	not-in-historical-ledger	frontend-app	test-support	first-party	c31c014cf2fe4fec4c29f80d7a514643272f99e4	c31c014cf2fe4fec4c29f80d7a514643272f99e4	unchanged	clean	not-applicable	inventory-only	none-reconciled	complete-file-review-outstanding
frontend/tests/performance/scripts/start-frontend.sh	test-support	not-in-historical-ledger	frontend-app	test-support	first-party	d31abdc1a206788f9ae020b6b0b6fd5d9ad59058	d31abdc1a206788f9ae020b6b0b6fd5d9ad59058	unchanged	clean	not-applicable	inventory-only	none-reconciled	complete-file-review-outstanding
frontend/tests/performance/startup-behaviour.spec.ts	test-support	not-in-historical-ledger	frontend-app	test	first-party	d9aec67cdeaf2f63ac159ae65d1b4cc29b0505d7	d9aec67cdeaf2f63ac159ae65d1b4cc29b0505d7	unchanged	clean	not-applicable	inventory-only	none-reconciled	complete-file-review-outstanding
frontend/tests/performance/user-timings.spec.ts	test-support	inventoried	frontend-app	test	first-party	76985a584e32eb6e54b09e68ab705b99f7bf2215	76985a584e32eb6e54b09e68ab705b99f7bf2215	unchanged	clean	not-applicable	inventory-only	none-reconciled	complete-file-review-outstanding
frontend/tests/repo/branding-assets.test.ts	test-support	inventoried	frontend-app	test	first-party	3bcf6a2c087529cc1f5f6ce2f6cdd0a07f599f8c	3bcf6a2c087529cc1f5f6ce2f6cdd0a07f599f8c	unchanged	clean	not-applicable	recorded-targeted	docs/frontend-architecture/inventory.md#platform-review-record	complete-file-review-outstanding
frontend/tests/repo/coverage-gate.test.ts	test-support	inventoried	frontend-app	test	first-party	5db8b796a1b8cb3ef04278aa8415240a56fbe9c6	5db8b796a1b8cb3ef04278aa8415240a56fbe9c6	unchanged	clean	not-applicable	inventory-only	none-reconciled	complete-file-review-outstanding
frontend/tests/repo/delivery-config.test.ts	test-support	inventoried	frontend-app	test	first-party	f63fef35c19bb47f3ee89d62360eeae6613d9649	f63fef35c19bb47f3ee89d62360eeae6613d9649	unchanged	clean	not-applicable	recorded-full	docs/frontend-architecture/inventory.md#platform-review-record	scope-and-revision-revalidation
frontend/tests/repo/dependency-boundaries.test.ts	test-support	not-in-historical-ledger	frontend-app	test	first-party	absent	e3e10cd5b93fb5c264f7bab2590361172623152d	added	clean	not-applicable	inventory-only	none-reconciled	complete-file-review-outstanding
frontend/tests/repo/i18n-coverage.test.ts	test-support	inventoried	frontend-app	test	first-party	b3489a2e60ca334ba00331765c68ed3cf20be739	b3489a2e60ca334ba00331765c68ed3cf20be739	unchanged	clean	not-applicable	recorded-targeted	docs/frontend-architecture/inventory.md#platform-review-record	complete-file-review-outstanding
frontend/tests/repo/locale-authoring.test.ts	test-support	inventoried	frontend-app	test	first-party	5cf5a2577a5caa0901160401c1d126f6362e8350	5cf5a2577a5caa0901160401c1d126f6362e8350	unchanged	clean	not-applicable	inventory-only	none-reconciled	complete-file-review-outstanding
frontend/tests/repo/localization-assets.test.ts	test-support	inventoried	frontend-app	test	first-party	81d3800f9b25fc5a7bd8549cb0432cb76c2edcf6	81d3800f9b25fc5a7bd8549cb0432cb76c2edcf6	unchanged	clean	not-applicable	inventory-only	none-reconciled	complete-file-review-outstanding
frontend/tests/repo/native-dialogs.test.ts	test-support	inventoried	frontend-app	test	first-party	208a9b19bb4afcc0ba4c45c4e280f818cb924fd5	208a9b19bb4afcc0ba4c45c4e280f818cb924fd5	unchanged	clean	not-applicable	recorded-targeted	docs/frontend-architecture/inventory.md#platform-review-record	complete-file-review-outstanding
frontend/tests/repo/page-problems.test.ts	test-support	inventoried	frontend-app	test	first-party	74a246caa4893165a32f02bf5860c1e95efbaf5c	74a246caa4893165a32f02bf5860c1e95efbaf5c	unchanged	clean	not-applicable	inventory-only	none-reconciled	complete-file-review-outstanding
frontend/tests/repo/service-worker.test.ts	test-support	not-in-historical-ledger	frontend-app	test	first-party	2f3fc5a801c727e2e3c36e6adfbd61f4d6f3399c	2f3fc5a801c727e2e3c36e6adfbd61f4d6f3399c	unchanged	clean	not-applicable	recorded-full	docs/frontend-integration-review.md#manual-inspection-in-this-tranche;docs/frontend-state-validation.md	scope-and-revision-revalidation
frontend/tests/repo/suite-hygiene.test.ts	test-support	inventoried	frontend-app	test	first-party	2d790e804d93971e37e05df8c81fcff2f5060919	0adb5d7b522ae875b24c30189c8996d2618aa8aa	modified	clean	not-applicable	inventory-only	none-reconciled	complete-file-review-outstanding
frontend/tests/repo/theme-bootstrap.test.ts	test-support	inventoried	frontend-app	test	first-party	2d75558370deda28820abddb83db6956aff19a46	2d75558370deda28820abddb83db6956aff19a46	unchanged	clean	not-applicable	inventory-only	none-reconciled	complete-file-review-outstanding
frontend/tests/similarity-pixels.ts	test-support	inventoried	frontend-app	test-support	first-party	2b10145b7c6e4804984807ffdbefac5328205bc7	2b10145b7c6e4804984807ffdbefac5328205bc7	unchanged	clean	not-applicable	inventory-only	none-reconciled	complete-file-review-outstanding
frontend/tools/oxlint/anti-slop/effect/index.ts	source-config	inventoried	frontend-app	source	excluded-vendored	37247862ce43dc39066c14e1c143688307eacfe2	37247862ce43dc39066c14e1c143688307eacfe2	unchanged	clean	not-applicable	inventory-only	none-reconciled	excluded-vendored
frontend/tools/oxlint/anti-slop/effect/rules/no-service-constructor-imports.ts	source-config	inventoried	frontend-app	source	excluded-vendored	55cefb7e7b4c8e0330ccf66ab71096a3976e1f18	55cefb7e7b4c8e0330ccf66ab71096a3976e1f18	unchanged	clean	not-applicable	inventory-only	none-reconciled	excluded-vendored
frontend/tools/oxlint/anti-slop/index.ts	source-config	inventoried	frontend-app	source	excluded-vendored	2b4ae2223e33e1c44bcdaf5c0424eab135f415d8	2b4ae2223e33e1c44bcdaf5c0424eab135f415d8	unchanged	clean	not-applicable	inventory-only	none-reconciled	excluded-vendored
frontend/tools/oxlint/anti-slop/package.json	source-config	inventoried	frontend-app	package-manifest	excluded-vendored	3dbc1ca591c0557e35b6004aeba250e6a70b56e3	3dbc1ca591c0557e35b6004aeba250e6a70b56e3	unchanged	clean	not-applicable	inventory-only	none-reconciled	excluded-vendored
frontend/tools/oxlint/anti-slop/rules/no-chained-type-assertions.ts	source-config	inventoried	frontend-app	source	excluded-vendored	0d118527804cfd00fe377af13293f3d2071492bf	0d118527804cfd00fe377af13293f3d2071492bf	unchanged	clean	not-applicable	inventory-only	none-reconciled	excluded-vendored
frontend/tools/oxlint/anti-slop/rules/no-conditional-empty-object-spread.ts	source-config	inventoried	frontend-app	source	excluded-vendored	ae7248d36e54851b67ad1f5d78813bf09ac3dd6a	ae7248d36e54851b67ad1f5d78813bf09ac3dd6a	unchanged	clean	not-applicable	inventory-only	none-reconciled	excluded-vendored
frontend/tools/oxlint/anti-slop/rules/no-known-value-widening.ts	source-config	inventoried	frontend-app	source	excluded-vendored	2a6806c699460a4f19e715bc2b36ad7fc69e7f12	2a6806c699460a4f19e715bc2b36ad7fc69e7f12	unchanged	clean	not-applicable	inventory-only	none-reconciled	excluded-vendored
frontend/tools/oxlint/anti-slop/rules/no-module-mocking.ts	source-config	inventoried	frontend-app	source	excluded-vendored	d6fb5b45c0344add2ea8c1fe296d472eee0e2549	d6fb5b45c0344add2ea8c1fe296d472eee0e2549	unchanged	clean	not-applicable	inventory-only	none-reconciled	excluded-vendored
frontend/tools/oxlint/anti-slop/rules/no-object-parameters.ts	source-config	inventoried	frontend-app	source	excluded-vendored	29b990f3395a21c2270f4a35eede36e23a80b745	29b990f3395a21c2270f4a35eede36e23a80b745	unchanged	clean	not-applicable	inventory-only	none-reconciled	excluded-vendored
frontend/tools/oxlint/anti-slop/rules/no-reflect-apply.ts	source-config	inventoried	frontend-app	source	excluded-vendored	2cc30451bda68d90d84eb9744034a778ae783b20	2cc30451bda68d90d84eb9744034a778ae783b20	unchanged	clean	not-applicable	inventory-only	none-reconciled	excluded-vendored
frontend/tools/oxlint/anti-slop/rules/no-reflect-get.ts	source-config	inventoried	frontend-app	source	excluded-vendored	cf630ecc005aa9cef09cdd4a701feea968674b47	cf630ecc005aa9cef09cdd4a701feea968674b47	unchanged	clean	not-applicable	inventory-only	none-reconciled	excluded-vendored
frontend/tools/oxlint/anti-slop/rules/no-runtime-typeof.ts	source-config	inventoried	frontend-app	source	excluded-vendored	6a25c2475d9a49c2145408b20892a7db2b7129c4	6a25c2475d9a49c2145408b20892a7db2b7129c4	unchanged	clean	not-applicable	inventory-only	none-reconciled	excluded-vendored
frontend/tools/oxlint/anti-slop/rules/no-shape-in-symbol-names.ts	source-config	inventoried	frontend-app	source	excluded-vendored	afc00dd41245ef8ca5b5481acaff3253700187bd	afc00dd41245ef8ca5b5481acaff3253700187bd	unchanged	clean	not-applicable	inventory-only	none-reconciled	excluded-vendored
frontend/tools/oxlint/anti-slop/rules/no-unknown-parameters.ts	source-config	inventoried	frontend-app	source	excluded-vendored	cdc6c23519ea1ee0987416fd048764e47e1049bd	cdc6c23519ea1ee0987416fd048764e47e1049bd	unchanged	clean	not-applicable	inventory-only	none-reconciled	excluded-vendored
frontend/tools/oxlint/anti-slop/rules/no-unknown-returns.ts	source-config	inventoried	frontend-app	source	excluded-vendored	4b16d6ef3d78a727a3685303e77045267e2c60eb	4b16d6ef3d78a727a3685303e77045267e2c60eb	unchanged	clean	not-applicable	inventory-only	none-reconciled	excluded-vendored
frontend/tools/oxlint/anti-slop/rules/no-unknown-type-aliases.ts	source-config	inventoried	frontend-app	source	excluded-vendored	3e328fdfc91455b55f957a71ddcb33d482f1fa97	3e328fdfc91455b55f957a71ddcb33d482f1fa97	unchanged	clean	not-applicable	inventory-only	none-reconciled	excluded-vendored
frontend/tools/oxlint/anti-slop/rules/no-unsafe-dictionary-type.ts	source-config	inventoried	frontend-app	source	excluded-vendored	8c45eed27628fa2c70b64017ebd3a7da998df151	8c45eed27628fa2c70b64017ebd3a7da998df151	unchanged	clean	not-applicable	inventory-only	none-reconciled	excluded-vendored
frontend/tools/oxlint/anti-slop/rules/no-widen-then-assert.ts	source-config	inventoried	frontend-app	source	excluded-vendored	c5e07f7fc55a8ebc1c19db58625552822beb0c1e	c5e07f7fc55a8ebc1c19db58625552822beb0c1e	unchanged	clean	not-applicable	inventory-only	none-reconciled	excluded-vendored
frontend/tools/oxlint/anti-slop/rules/require-safety-comment-for-type-assertion.ts	source-config	inventoried	frontend-app	source	excluded-vendored	f1a2ffcf9450756000ec60113910519a5df94641	f1a2ffcf9450756000ec60113910519a5df94641	unchanged	clean	not-applicable	inventory-only	none-reconciled	excluded-vendored
frontend/tools/oxlint/anti-slop/shared/dictionary-types.ts	source-config	inventoried	frontend-app	source	excluded-vendored	865170047f330705aa74e9cabfe44ad004297e86	865170047f330705aa74e9cabfe44ad004297e86	unchanged	clean	not-applicable	inventory-only	none-reconciled	excluded-vendored
frontend/tools/oxlint/anti-slop/shared/lexical-type-parameters.ts	source-config	inventoried	frontend-app	source	excluded-vendored	7cdb18c911c9dd31066ead3beda0a9dfc6554018	7cdb18c911c9dd31066ead3beda0a9dfc6554018	unchanged	clean	not-applicable	inventory-only	none-reconciled	excluded-vendored
frontend/tools/oxlint/anti-slop/shared/reflect-method.ts	source-config	inventoried	frontend-app	source	excluded-vendored	39bc218c3bbf1eada15c00b825202e2835771ea7	39bc218c3bbf1eada15c00b825202e2835771ea7	unchanged	clean	not-applicable	inventory-only	none-reconciled	excluded-vendored
frontend/tsconfig.json	source-config	inventoried	frontend-app	configuration	first-party	2071ae0a4917a48701a06a1668e7a48dcbf6bae8	2071ae0a4917a48701a06a1668e7a48dcbf6bae8	unchanged	clean	not-applicable	recorded-full	docs/frontend-state-validation.md#exact-additional-manual-sourcetestconfig-ledger;docs/frontend-state-validation.md;docs/frontend-architecture/inventory.md#platform-review-record	scope-and-revision-revalidation
frontend/vite.config.ts	source-config	targeted-inspection	frontend-app	configuration	first-party	1ab5d4a902205063d658e7c141855f2ebe42c876	1ab5d4a902205063d658e7c141855f2ebe42c876	unchanged	clean	not-applicable	recorded-full	docs/frontend-state-validation.md;docs/frontend-architecture/inventory.md#platform-review-record;docs/frontend-architecture/review.md#review-coverage	scope-and-revision-revalidation
frontend/vite.delivery.config.ts	source-config	inventoried	frontend-app	configuration	first-party	a890d8b297b1c28fc6fd2f7610211a39d6aea7ab	a890d8b297b1c28fc6fd2f7610211a39d6aea7ab	unchanged	clean	not-applicable	recorded-full	docs/frontend-architecture/inventory.md#platform-review-record	scope-and-revision-revalidation
frontend/vitest.fast.config.ts	source-config	inventoried	frontend-app	configuration	first-party	62bb7fa036b3d3838d673ce112d9136374a29040	62bb7fa036b3d3838d673ce112d9136374a29040	unchanged	clean	not-applicable	recorded-full	docs/frontend-architecture/inventory.md#platform-review-record	scope-and-revision-revalidation
frontend/vitest.setup.ts	source-config	inventoried	frontend-app	test-support	first-party	d155368ed5e067dc8fb0698f50ac66495492e2df	d155368ed5e067dc8fb0698f50ac66495492e2df	unchanged	clean	not-applicable	recorded-full	docs/frontend-state-validation.md	scope-and-revision-revalidation
package.json	source-config	not-in-historical-ledger	deployment-integration	package-manifest	first-party	73bb4825c09a557792e0b2e892a1a8a86fe55a4f	73bb4825c09a557792e0b2e892a1a8a86fe55a4f	unchanged	clean	not-applicable	recorded-full	docs/frontend-architecture/inventory.md#platform-review-record	scope-and-revision-revalidation
